vigencia,ID_acuerdo,fec_sanc,titulo,articulado,tema,alcalde,pre_concejo,estado_acuerdo,obs_vigencia
2008,AD-001-2008,2008-03-13,"Por medio se adiciona el acuerdo 024 de diciembre 27 de 2004, mediante el cual se establecen normas de conducta ciudadana en el Distrito de Cartagena y se dictan otras disposiciones",2,Comportamiento ciudadano,Judith Del Carmen Pinedo Florez,Alberto Bernal Jimenez,Derogado,Derogado por el acuerdo 195 de 2025
2008,AD-002-2008,2008-06-05,"Por medio del cual se adopta el plan de desarrollo economico, social y de obras publicas del distrito turistico y cultural de cartagena 2008-2011 por una sola Cartagena",74,Plan de Desarrollo,Judith Del Carmen Pinedo Florez,Alberto Bernal Jimenez,Vigente,No aplica
2008,AD-003-2008,2008-06-11,Por el cual se modifica el acuerdo 048 de 03 de diciembre de 2007 por el cual se establece la escala de remuneracion correspondiente a las distintas categorias de empleos de la alcaldia mayor de cartagena de indias,4,Gestion administrativa,Judith Del Carmen Pinedo Florez,Alberto Bernal Jimenez,Vigente,No aplica
2008,AD-004-2008,2008-07-30,Por el cual se autoriza a la alcaldesa mayor de cartagena de indias d t y c a efectuar cesión gratuita de varios bienes inmuebles para el funcionamiento de estaciones sub estaciones de policía y centros de atención inmediata de la policía metropolitana de cartagena de indias,5,Cesion de predios o bienes,Judith Del Carmen Pinedo Florez,Alberto Bernal Jimenez,Derogado,Derogado por el acuerdo 195 de 2025
2008,AD-005-2008,2008-08-12,Por medio de la cual se crea el sistema integral de orientacion vocacional y profesional a estudiantes del distrito de cartagena -siovo,5,Educacion,Judith Del Carmen Pinedo Florez,Alberto Bernal Jimenez,Vigente,No aplica
2008,AD-006-2008,2008-08-12,Por el cual se establecen medidas para promover la donación voluntaria de sangre en el D T y C de Cartagena de Indias,4,Salud,Judith Del Carmen Pinedo Florez,Alberto Bernal Jimenez,Vigente,No aplica
2008,AD-007-2008,2008-08-12,"Por el cual se incorpora el Colegio Mayor de Bolivar al Distrito de Cartagena de Indias, D. T. y C. y se dictan otras disposiciones",3,Gestion administrativa,Judith Del Carmen Pinedo Florez,Alberto Bernal Jimenez,Vigente,No aplica
2008,AD-008-2008,2008-08-12,"Por el que se autoriza al alcalde mayor para convertir la deuda derivada del prestamo n° 1089/oc-co de marzo 14 de 1998, firmado entre el distrito de cartagena de indias y el BID, de dolares a pesos colombianos y de tasa variable a fija",4,Operaciones de credito,Judith Del Carmen Pinedo Florez,Alberto Bernal Jimenez,Derogado,Derogado por el acuerdo 195 de 2025
2008,AD-009-2008,2008-08-12,Por el cual se concede una autorizacion a la alcaldesa mayor del Distrito de Cartagena para ceder un inmueble al Instituto Nacional de Medicina Legal y Ciencias Forenses,2,Cesion de predios o bienes,Judith Del Carmen Pinedo Florez,Alberto Bernal Jimenez,Derogado,Derogado por el acuerdo 195 de 2025
2008,AD-010-2008,2008-08-12,Por el cual se autoriza comprometer vigencias futuras excepcionales para la ejecución del proyecto denominado entrega en concesion de dos establecimientos educativos por parte del distrito en el marco de los programas de inversión contemplados en el plan nacional de desarrollo 2006 - 2010,4,Vigencias futuras,Judith Del Carmen Pinedo Florez,Alberto Bernal Jimenez,Derogado,Derogado por el acuerdo 195 de 2025
2008,AD-011-2008,2008-08-12,Por medio del cual se constituye el censo de perros potencialmente peligrosos en d. t. y. c de cartagena de indias y se dictan otras disposiciones,8,Proteccion animal,Judith Del Carmen Pinedo Florez,Alberto Bernal Jimenez,Derogado,Derogado por el acuerdo 195 de 2025
2008,AD-012-2008,2008-08-28,Por el cual se faculta a la alcaldesa mayor de cartagena de indias d t y c para contratar el encargo fiduciario de administracion del patrimonio autonomo del fondo de pensiones del distrito de cartagena de indias,4,Gestion contractual,Judith Del Carmen Pinedo Florez,Alberto Bernal Jimenez,Derogado,Derogado por el acuerdo 195 de 2025
2008,AD-013-2008,2008-08-28,"Por el cual se reglamenta la organización del fondo de salud del distrito turístico y cultural cartagena de indias, la operación y registro de las cuentas maestras para el manejo de los recursos del fondo de salud y se dictan otras disposiciones",10,Salud,Judith Del Carmen Pinedo Florez,Alberto Bernal Jimenez,Vigente,No aplica
2008,AD-014-2008,2008-09-09,Por medio del cual se modifica el acuerdo no. 005 del 13 de mayo de 1996,8,Derechos humanos,Judith Del Carmen Pinedo Florez,Alberto Bernal Jimenez,Derogado,Derogado por el acuerdo 195 de 2025
2008,AD-015-2008,2008-09-10,Por el cual se concede una autorización al alcalde para comprometer vigencias futuras tendientes a la financiacion del sistema integrado de transporte masivo,6,Vigencias futuras,Judith Del Carmen Pinedo Florez,Alberto Bernal Jimenez,Derogado,Derogado por el acuerdo 195 de 2025
2008,AD-016-2008,2008-09-10,Por el cual se ordena el cobro de una contribución de valorización por beneficio general para la realización  de un conjunto de obras y se dictan otras disposiciones,8,Finanzas Publicas,Judith Del Carmen Pinedo Florez,Alberto Bernal Jimenez,Derogado,Derogado por el acuerdo 195 de 2025
2008,AD-017-2008,2008-10-22,"Por el cual se efectua una adicion y un traslado en el presupuesto de ingresos, gastos e inversiones de la vigencia fiscal de 2008",3,Finanzas Publicas,Judith Del Carmen Pinedo Florez,Alberto Bernal Jimenez,Derogado,Derogado por el acuerdo 195 de 2025
2008,AD-018-2008,2008-12-05,Por el cual se reajustan los salarios de los funcionarios del distrito turistico y cultural de cartagena de indias,2,Gestion administrativa,Judith Del Carmen Pinedo Florez,Alberto Bernal Jimenez,Derogado,Derogado por el acuerdo 195 de 2025
2008,AD-019-2008,2008-12-10,Por el cual se concede una autorización a la alcaldesa mayor del distrito de cartagena para comprometer vigencias futuras tendientes a la efectiva continuidad en la prestación de servicios y adquisición de bienes dentro del primer trimestre de la vigencia fiscal 2009,2,Vigencias futuras,Judith Del Carmen Pinedo Florez,Alberto Bernal Jimenez,Derogado,Derogado por el acuerdo 195 de 2025
2008,AD-020-2008,2008-12-12,Por el cual se establece la escala de remuneracion correspondiente a las distintas categorias de empleos de la alcaldia mayor de cartagena de indias d t y c,2,Gestion administrativa,Judith Del Carmen Pinedo Florez,Alberto Bernal Jimenez,Vigente,No aplica
2008,AD-021-2008,2008-12-17,Por el cual se otorgan facultades a la alcaldesa del distrito turistico y cultural de cartagena para celebrar operaciones de credito publico y asimiladas hasta por la suma de $100.000 millones de pesos mlc,3,Operaciones de credito,Judith Del Carmen Pinedo Florez,Alberto Bernal Jimenez,Derogado,Derogado por el acuerdo 195 de 2025
2008,AD-022-2008,2008-12-17,"Por el cual se aprueba el presupuesto de rentas, recursos de capital y recursos de fondos especiales; apropiaciones de funcionamiento y de servicio de la deuda del distrito, asi como el plan de inversiones para la vigencia Fiscal 2009 en el Distrito turistico y cultural de de Cartagena de indias",101,Finanzas Publicas,Judith Del Carmen Pinedo Florez,Alberto Bernal Jimenez,Derogado,Derogado por el acuerdo 195 de 2025
2009,AD-001-2009,2009-01-29,"Por medio del cual se fijan los lineamientos que enmarcaran la política pública Distrital para la prevención y rehabilitación de consumo de tabaco, alcohol y otras sustancias psicoactivas, en niños, y adolescentes en Cartagena de indias",15,Salud,Judith Del Carmen Pinedo Florez,David Dager Lequerica,Vigente,No aplica
2009,AD-002-2009,2009-01-26,Por el cual se modifica algunas disposiciones del acuerdo 041 de 2006 (estatuto tributario distrital),10,Finanzas Publicas,Judith Del Carmen Pinedo Florez,David Dager Lequerica,Vigente,No aplica
2009,AD-003-2009,2009-03-20,Por medio del cual se institucionaliza el proceso de presupuesto participativo en el distrito de cartagena de indias como sistema de fortalecimiento y desarrollo del sistema distrital de planeación y se dictan otras disposiciones,19,descentralizacion,Judith Del Carmen Pinedo Florez,Alberto Bernal Jimenez,Vigente,No aplica
2009,AD-004-2009,2009-04-22,"Por el cual se efectúa una incorporación en el presupuesto de ingresos, gastos e inversiones de la vigencia fiscal 2009",3,Finanzas Publicas,Judith Del Carmen Pinedo Florez,David Dager Lequerica,Derogado,Derogado por el acuerdo 195 de 2025
2009,AD-005-2009,2009-05-12,"Por el cual se ordena la emisión de la estampilla para el bienestar del adulto mayor ""años dorados"" en Cartagena de indias D. I. y C., y se dictan otras disposiciones",14,Finanzas Publicas,Judith Del Carmen Pinedo Florez,David Dager Lequerica,Derogado,Derogado por el acuerdo 195 de 2025
2009,AD-006-2009,2009-06-08,Por el cual se autoriza a la alcaldesa mayor de cartagena de indias para realizar la cesion gratuita de predios de conformidad con lo dispuesto en la ley 1001 de 2005,2,Cesion de predios o bienes,Judith Del Carmen Pinedo Florez,David Dager Lequerica,Derogado,Derogado por el acuerdo 195 de 2025
2009,AD-007-2009,2009-08-03,Por el cual se incorpora el presupuesto del colegio mayor de bolivar al distrito de cartagena de indias en la vigencia fiscal 2009,3,Finanzas Publicas,Judith Del Carmen Pinedo Florez,David Dager Lequerica,Derogado,Derogado por el acuerdo 195 de 2025
2009,AD-008-2009,2009-08-03,Por medio del cual se adiciona el libro cuarto título I capitulo Ill (de las relaciones de vecindad y comportamientos sociales del acuerdo 024 de diciembre 27 de 2004) normas de conducta y convivencia ciudadana,3,Comportamiento ciudadano,Judith Del Carmen Pinedo Florez,David Dager Lequerica,Derogado,Derogado por el acuerdo 195 de 2025
2009,AD-009-2009,2009-08-03,"Por el cual se efectúa una incorporación en el presupuesto de ingresos, gastos e inversiones de la vigencia fiscal 2009",3,Finanzas Publicas,Judith Del Carmen Pinedo Florez,David Dager Lequerica,Derogado,Derogado por el acuerdo 195 de 2025
2009,AD-010-2009,2009-08-05,Por el cual se crea la orquesta sinfonica infantil y juvenil  del Distrito Turistico y Cultural de Cartagena de Indias,8,"Artes, patrimonio y cultura",Vivian Elijaiek Juan,David Dager Lequerica,Vigente,No aplica
2009,AD-011-2009,2009-09-22,"Por el cual se autoriza comprometer vigencias futuras excepcionales para la ejecución del proyecto denominado entrega en concesión, por parte del distrito, de dos (2) Infraestructuras educativas, para que los concesionarios organicen, operen y presten en ellas el servicio público de educación formal, y se dictan otras disposiciones",9,Vigencias futuras,Judith Del Carmen Pinedo Florez,David Dager Lequerica,Derogado,Derogado por el acuerdo 195 de 2025
2009,AD-013-2009,2009-12-29,"Por el cual se aprueba el presupuesto de rentas, recursos de capital y recursos de fondos especiales; apropiaciones de funcionamiento y de servicio de la deuda del distrito de Cartagena de Indias para la vigencia fiscal de 2010",91,Finanzas Publicas,Judith Del Carmen Pinedo Florez,David Dager Lequerica,Derogado,Derogado por el acuerdo 195 de 2025
2009,AD-014-2009,2009-12-30,"Por el cual se fija y adecua la estructura, la organización y funcionamiento de la contraloría distrital de Cartagena de indias D.T. Y C., establece la planta de personal, y se dictan otras disposiciones",20,Organos de control,Alicia Saenz De Marenco,David Dager Lequerica,Vigente,No aplica
2009,AD-015-2009,2009-12-30,"Por el cual se efectúan traslados en el presupuesto de ingresos, gastos e inversiones de la vigencia fiscal 2009",3,Finanzas Publicas,Alicia Saenz De Marenco,David Dager Lequerica,Derogado,Derogado por el acuerdo 195 de 2025
2009,AD-016-2009,2009-12-30,Por el cual se autoriza a la alcaldesa mayor de Cartagena para comprometer vigencias futuras tendientes a la efectiva continuidad en la prestación de servicios indispensables para la administración y la adquisición de bienes dentro de los primeros cuatro meses de la vigencia fiscal 2010 y se dictan otras disposiciones,3,Vigencias futuras,Alicia Saenz De Marenco,David Dager Lequerica,Derogado,Derogado por el acuerdo 195 de 2025
2010,AD-001-2010,2010-04-13,Por el cual se otorgan facultades a la alcaldesa del distrito turistico y cultural de cartagena para celebrar operaciones de crédito público y asimiladas hasta por la suma de doce mil millones de pesos mlc y se dictan otras disposiciones,3,Operaciones de credito,Judith Del Carmen Pinedo Florez,Alfredo Diaz Ramirez,Derogado,Derogado por el acuerdo 195 de 2025
2010,AD-002-2010,2010-04-26,"Por el cual se institucionaliza en el distrito de cartagena de indias, el concurso de pintura y escultura maestro Enrique Grau Araujo",3,"Artes, patrimonio y cultura",Judith Del Carmen Pinedo Florez,Alfredo Diaz Ramirez,Vigente,No aplica
2010,AD-003-2010,2010-04-26,"Por el cual se modifica el acuerdo 024 de 2004, se ordena la compilacion de una normativa  y se dictan otras disposiciones",6,Comportamiento ciudadano,Judith Del Carmen Pinedo Florez,Alfredo Diaz Ramirez,Vigente,No aplica
2010,AD-004-2010,2010-04-30,"Por el cual se efectúa una incorporacion en el presupuesto de ingresos, gastos e inversiones de la vigencia fiscal 2010",3,Finanzas Publicas,Judith Del Carmen Pinedo Florez,Alfredo Diaz Ramirez,Derogado,Derogado por el acuerdo 195 de 2025
2010,AD-005-2010,2010-04-30,"Por el cual se efectúa una incorporacion en el presupuesto de ingresos, gastos e inversiones de la vigencia fiscal 2010",4,Finanzas Publicas,Judith Del Carmen Pinedo Florez,Alfredo Diaz Ramirez,Derogado,Derogado por el acuerdo 195 de 2025
2010,AD-006-2010,2010-07-06,Por medio del cual se concede una autorizacion a la alcaldesa mayor del distrito de cartagena para ceder un inmueble al instituto nacional de medicina legal y ciencias forenses,2,Cesion de predios o bienes,Judith Del Carmen Pinedo Florez,Alfredo Diaz Ramirez,Derogado,Derogado por el acuerdo 195 de 2025
2010,AD-007-2010,2010-07-19,Por el cual se institucionalizan los centros comunitarios de informatica,5,"Ciencia, Tecnologia, Innovacion",Judith Del Carmen Pinedo Florez,Alfredo Diaz Ramirez,Vigente,No aplica
2010,AD-008-2010,2010-08-17,"Por el cual se autoriza comprometer vigencias futuras excepcionales para la ejecución del proyecto denominado ""remodelacion y ampliación del estadio jaime morón en el distrito de cartagena",6,Vigencias futuras,Judith Del Carmen Pinedo Florez,Alfredo Diaz Ramirez,Derogado,Derogado por el acuerdo 195 de 2025
2010,AD-009-2010,2010-08-23,"Por medio del cual se conceden facultades a la alcaldesa mayor de cartagena de indias d.t y c para crear ""la corporacion museo historico de cartagena"" y se establecen otras disposiciones especiales",2,"Artes, patrimonio y cultura",Judith Del Carmen Pinedo Florez,Alfredo Diaz Ramirez,Derogado,Derogado por el acuerdo 195 de 2025
2010,AD-010-2010,2010-08-26,"Por el cual se efectúa una incorporacion en el presupuesto de ingresos, gastos e inversiones de la vigencia fiscal 2010",3,Finanzas Publicas,Judith Del Carmen Pinedo Florez,Alfredo Diaz Ramirez,Derogado,Derogado por el acuerdo 195 de 2025
2010,AD-011-2010,2010-08-27,"por medio del cual efectúa una incorporación en el presupuesto de ingresos, gastos e inversiones de la vigencia fiscal 2010, para la unidad ejecutora 07-secretaria de educación- por la suma de mil doscientos dieciséis millones seiscientos treinta y cuatro mil ciento dieciséis pesos moneda corriente (1.216.634.116.00)",2,Finanzas Publicas,Judith Del Carmen Pinedo Florez,Alfredo Diaz Ramirez,Derogado,Derogado por el acuerdo 195 de 2025
2010,AD-012-2010,2010-09-06,"Por el cual se modifica el acuerdo no. 012 de 11 de diciembre de 2009, el cual establece la escala de remuneración correspondiente a las distintas categorías de empleos de la alcaldía mayor de cartagena de indias d. t. y c",3,Gestion administrativa,Judith Del Carmen Pinedo Florez,Alfredo Diaz Ramirez,Vigente,No aplica
2010,AD-013-2010,2010-09-06,"Por medio del cual se reajustan los salarios de los servidores públicos del nivel asistencial, técnico y profesional de la alcaldía mayor de cartagena para la vigencia fiscal 2010 y se dictan otras disposiciones",3,Gestion administrativa,Judith Del Carmen Pinedo Florez,Alfredo Diaz Ramirez,Derogado,Derogado por el acuerdo 195 de 2025
2010,AD-014-2010,2010-09-17,"Por el cual se efectúa una incorporacion en el presupuesto de ingresos, gastos e inversiones de la vigencia fiscal 2010 por la suma de $11.118.567.660.00",2,Finanzas Publicas,Judith Del Carmen Pinedo Florez,Alfredo Diaz Ramirez,Derogado,Derogado por el acuerdo 195 de 2025
2010,AD-015-2010,2010-10-26,"Por el cual se determina el porcentaje de aporte solidario necesario para lograr y mantener el equilibrio entre las contribuciones y los subsidios en los servicios públicos domiciliarios de acueducto, alcantarillado y aseo, y se dictan otras disposiciones",2,Servicios publicos,Judith Del Carmen Pinedo Florez,Alfredo Diaz Ramirez,Vigente,No aplica
2010,AD-016-2010,2010-11-02,"Por el cual se autoriza a la alcaldesa mayor, distrito turístico y cultural de cartagena de indias comprometer vigencias futuras excepcionales, hasta por la suma de 15 mil millones de pesos, dirigidos a la ejecución de obras de construcción y recuperación de la malla vial del distrito",5,Vigencias futuras,Judith Del Carmen Pinedo Florez,Alfredo Diaz Ramirez,Derogado,Derogado por el acuerdo 195 de 2025
2010,AD-017-2010,2010-11-18,"A través del cual se adiciona al acuerdo 020 de 2005 capitulo especial, de la rendición de cuentas y visibilidad de los concejales del distrito de Cartagena de indias",4,Reglamento concejo,Judith Del Carmen Pinedo Florez,Alfredo Diaz Ramirez,Vigente,No aplica
2010,AD-018-2010,2010-11-18,"Por medio del cual se efectúa un traslado en el presupuesto de ingresos, gastos e inversiones de la vigencia fiscal 2010, por la suma de $365.000.000 para la unidad ejecutora ipcc",3,Finanzas Publicas,Judith Del Carmen Pinedo Florez,Alfredo Diaz Ramirez,Derogado,Derogado por el acuerdo 195 de 2025
2010,AD-019-2010,2010-11-29,"Por el cual se efectúa una incorporacion en el presupuesto de ingresos, gastos e inversiones de la vigencia fiscal 2010",3,Finanzas Publicas,Judith Del Carmen Pinedo Florez,Alfredo Diaz Ramirez,Derogado,Derogado por el acuerdo 195 de 2025
2010,AD-020-2010,2010-11-29,"Por el cual se efectúa una incorporacion en el presupuesto de ingresos, gastos e inversiones de la vigencia fiscal 2010",2,Finanzas Publicas,Judith Del Carmen Pinedo Florez,Alfredo Diaz Ramirez,Derogado,Derogado por el acuerdo 195 de 2025
2010,AD-021-2010,2010-12-07,"Por el cual se efectúa una incorporacion en el presupuesto de ingresos, gastos e inversiones de la vigencia fiscal 2010, y se dictan otras disposiciones",3,Finanzas Publicas,Judith Del Carmen Pinedo Florez,Alfredo Diaz Ramirez,Derogado,Derogado por el acuerdo 195 de 2025
2010,AD-022-2010,2010-12-07,"Por medio del cual efectúa una incorporación al presupuesto de ingresos y gastos del distrito de cartagena para la vigencia fiscal de 2010, por la suma de $4.790.423.262,00",3,Finanzas Publicas,Judith Del Carmen Pinedo Florez,Alfredo Diaz Ramirez,Derogado,Derogado por el acuerdo 195 de 2025
2010,AD-023-2010,2010-12-10,"Por el cual se efectúa una incorporacion en el presupuesto de ingresos, gastos e inversiones de la vigencia fiscal 2010 por la suma de $22.045.708.341.00",3,Finanzas Publicas,Judith Del Carmen Pinedo Florez,Alfredo Diaz Ramirez,Derogado,Derogado por el acuerdo 195 de 2025
2010,AD-024-2010,2010-12-10,"Por medio del cual se autoriza a la alcaldesa distrital de cartagena de indias d. t y c, para celebrar contrato de comodato con coodisbol sobre parte de un inmueble de propiedad del distrito",2,Gestion contractual,Judith Del Carmen Pinedo Florez,Alfredo Diaz Ramirez,Derogado,Derogado por el acuerdo 195 de 2025
2010,AD-025-2010,2010-12-10,"por medio del cual se efectúa una incorporacion en el presupuesto de ingresos, gastos e inversiones de la vigencia fiscal 2010",3,Finanzas Publicas,Judith Del Carmen Pinedo Florez,Alfredo Diaz Ramirez,Derogado,Derogado por el acuerdo 195 de 2025
2010,AD-026-2010,2010-12-10,Por el cual se adoptan medidas para la capacitación en materia de contratación pública en el distrito turístico y cultural de cartagena de indias,3,Gestion contractual,Judith Del Carmen Pinedo Florez,Alfredo Diaz Ramirez,Vigente,No aplica
2010,AD-027-2010,2010-12-13,"Por el cual se establecen medidas de protección y acompanamiento para las familias en proceso de reubicación y situacion de desastres, y se crea el comité permanente de reasentamiento y reubicación de comunidades ubicadas en alto riesgo",5,Gestion de riesgos y emergencias,Judith Del Carmen Pinedo Florez,Alfredo Diaz Ramirez,Vigente,No aplica
2010,AD-028-2010,2010-12-14,"Por el cual se efectúa una incorporacion en el presupuesto de ingresos, gastos e inversiones de la vigencia fiscal 2010",3,Finanzas Publicas,Judith Del Carmen Pinedo Florez,Alfredo Diaz Ramirez,Vigente,No aplica
2010,AD-029-2010,2010-12-14,Por el cual se autoriza a la alcaldesa mayor de cartagena para comprometer vigencias futuras tendientes a la efectiva continuidad en la prestación de servicios indispensables para la administración y la adquisición de bienes dentro de los primeros dos meses de la vigencia fiscal 2011,1,Vigencias futuras,Judith Del Carmen Pinedo Florez,Alfredo Diaz Ramirez,Derogado,Derogado por el acuerdo 195 de 2025
2010,AD-030-2010,2010-12-14,Por medio del cual se autoriza a la alcaldesa mayor de cartagena para incorporar mediante decreto los recursos por concepto de mayores ingresos provenientes de diferentes fuentes de financiación de 2010,3,Finanzas Publicas,Judith Del Carmen Pinedo Florez,Alfredo Diaz Ramirez,Derogado,Derogado por el acuerdo 195 de 2025
2010,AD-031-2010,2010-12-20,"Por el cual se faculta a la personera distrital de cartagena de indias, para que modifique y nivele las asignaciones salariales de los empleos que conforman la planta global de cargos de la personeria de cartagena de indias en los niveles profesional, tecnico, asistencial, personeros delegados y jefe de oficina, y se dictan otras disposiciones",4,Organos de control,Judith Del Carmen Pinedo Florez,Alfredo Diaz Ramirez,Derogado,Derogado por el acuerdo 195 de 2025
2010,AD-032-2010,2010-12-22,Por el cual se aprueba el presupuesto de recursos. recursos de capital y recursos de fondos especiales; apropiaciones de funcionamiento y de servicio de la deuda del distrito de cartagena de indias para la vigencia fiscal de 2011,91,Finanzas Publicas,Judith Del Carmen Pinedo Florez,Alfredo Diaz Ramirez,Derogado,Derogado por el acuerdo 195 de 2025
2011,AD-001-2011,2011-02-22,Por medio del cual se establecen unas condiciones especiales de reducción de intereses y sanciones sobre impuestos del orden distrital conforme a la ley 1430 de 2010 y se dictan otras disposiciones,8,Beneficios tributarios,Judith Del Carmen Pinedo Florez,Antonio Quinto Guerra Varela,Derogado,Derogado por el acuerdo 195 de 2025
2011,AD-002-2011,2011-04-06,"Por el cual se efectúa una adicion en el presupuesto de ingresos, gastos e inversiones de la vigencia fiscal 2011",3,Finanzas Publicas,Judith Del Carmen Pinedo Florez,Antonio Quinto Guerra Varela,Derogado,Derogado por el acuerdo 195 de 2025
2011,AD-003-2011,2011-05-04,"Por medio del cual se establece el comparendo ambiental creado por la ley 1259 de 2008 en el distrito turistico y cultural de cartagena de indias, y se dictan otras disposiciones",4,Ambiente,Judith Del Carmen Pinedo Florez,Antonio Quinto Guerra Varela,Vigente,No aplica
2011,AD-004-2011,2011-05-04,"Por medio del cual se institucionaliza el uso del sistema de información para la gobernabilidad sigob, en el distrito de cartagena de indias d. t y c, y se dictan otras disposiciones",5,"Ciencia, Tecnologia, Innovacion",Judith Del Carmen Pinedo Florez,Antonio Quinto Guerra Varela,Vigente,No aplica
2011,AD-005-2011,2011-05-05,Por el cual se establecen medidas para promover la corresponsabilidad social en la prevencion de accidentes de transito por consumo de alcohol en el distrito de cartagena y se dictan otras disposiciones,3,Comportamiento ciudadano,Judith Del Carmen Pinedo Florez,Antonio Quinto Guerra Varela,Vigente,No aplica
2011,AD-006-2011,2011-05-05,Por medio del cual se establecen medidas para propender el empoderamiento ciudadano en la contratación publica para el desarrollo del distrito de cartagena y se dictan otras disposiciones,3,Gestion contractual,Judith Del Carmen Pinedo Florez,Antonio Quinto Guerra Varela,Vigente,No aplica
2011,AD-007-2011,2011-05-05,Por el cual se modifica el presupuesto del distrito de cartagena de indias d t y c en la vigencia fiscal de 2011 y se dictan otras disposiciones,3,Finanzas Publicas,Judith Del Carmen Pinedo Florez,Antonio Quinto Guerra Varela,Vigente,No aplica
2011,AD-008-2011,2011-05-16,"Por el cual se crea el comité de vigilancia, seguimiento y control a las intervenciones del espacio publico del distrito de cartagena que efectuen las empresas de servicios publicos domiciliarios y otros particulares; se establecen unas condiciones para dichas intervenciones, y se dictan otras disposiciones",7,Gobernanza urbana,Judith Del Carmen Pinedo Florez,Antonio Quinto Guerra Varela,Vigente,No aplica
2011,AD-010-2011,2011-08-09,"Por el cual se crea en el distrito de cartagena de indias, el comité de la defensoria ciudadana del espacio publico",7,Gobernanza urbana,Judith Del Carmen Pinedo Florez,Antonio Quinto Guerra Varela,Vigente,No aplica
2011,AD-011-2011,2011-09-05,Por medio del cual se modifica el acuerdo 021 de 2008 y se dictan otras disposiciones,2,Operaciones de credito,Judith Del Carmen Pinedo Florez,Antonio Quinto Guerra Varela,Derogado,Derogado por el acuerdo 195 de 2025
2011,AD-012-2011,2011-11-25,"Por el cual se establece una nueva escala salarial los empleos que conforman la planta global de cargos del concejo de cartagena de indias d. t. y c., y se dictan otras disposiciones",3,Gestion administrativa,Judith Del Carmen Pinedo Florez,Antonio Quinto Guerra Varela,Derogado,Derogado por el acuerdo 195 de 2025
2011,AD-013-2011,2011-12-09,Por el cual se crea el comité interinstitucional para la prevencion y erradicacion del trabajo infantil y la proteccion del menor trabajador en el distrito de cartagena de indias,7,"Infancia, adolescencia y juventud",Judith Del Carmen Pinedo Florez,Antonio Quinto Guerra Varela,Vigente,No aplica
2011,AD-014-2011,2011-12-12,"Por medio del cual se institucionaliza el programa de emergencia social pedro romero pes, en el distrito de cartagena de indias d. t y c, y se dictan otras disposiciones",7,Politica Social,Judith Del Carmen Pinedo Florez,Antonio Quinto Guerra Varela,Vigente,No aplica
2011,AD-015-2011,2011-12-19,"Por el cual se aprueba el presupuesto de Rentas, Recursos de Capital y Recursos de Fondos Especiales: Apropiaciones",93,Finanzas Publicas,Judith Del Carmen Pinedo Florez,Antonio Quinto Guerra Varela,Derogado,Derogado por el acuerdo 195 de 2025
2012,AD-001-2012,2012-07-04,"Por medio del cual se adopta el plan de desarrollo económico, social y de obras públicas, del distrito turístico y cultural de cartagena de indias - ""en cartagena hay campo para todas y todos 2012-2015",100,Plan de Desarrollo,Campo Elias Teran Dix,Rafael Meza Perez,Vigente,No aplica
2012,AD-002-2012,2012-08-13,"Por medio del cual se determinan los porcentajes de los factores de subsidio y los factores de aporte solidario para los servicios públicos domiciliarios de acueducto, alcantarillado y aseo en el distrito turístico y cultural de Cartagena de indias",5,Servicios publicos,Campo Elias Teran Dix,Rafael Meza Perez,Vigente,No aplica
2012,AD-003-2012,2012-08-17,Por medio del cual se armoniza el presupuesto de la vigencia fiscal 2012 conforme al acuerdo 001 de 2012,3,Finanzas Publicas,Felipe Merlano De La Ossa,Rafael Meza Perez,Derogado,Derogado por el acuerdo 195 de 2025
2012,AD-004-2012,2012-08-24,Mediante el cual se declara el dia sin ruido en el distrito turistico y cultural de cartagena de indias y se distan otras disposiciones,4,Ambiente,Felipe Merlano De La Ossa,Rafael Meza Perez,Vigente,No aplica
2012,AD-005-2012,2012-08-24,Por medio del cual se crea el programa cartagena verde y recicladora,4,Ambiente,Felipe Merlano De La Ossa,Rafael Meza Perez,Vigente,No aplica
2012,AD-006-2012,2012-08-24,Por medio del cual en el distrito de cartagena de indias se democratiza la titularidad de acciones y ofrece a sus conciudadanos trabajadores y en general al sector solidario de la ciudad condiciones especiales para acceder a la propiedad estatal,5,gestion de bienes y patrimonio,Felipe Merlano De La Ossa,Rafael Meza Perez,Vigente,No aplica
2012,AD-007-2012,2012-08-24,Por el cual se renombra una institucion educativa oficial del distrito de cartagena y se dictan otras disposiciones,3,gestion de bienes y patrimonio,Felipe Merlano De La Ossa,Rafael Meza Perez,Vigente,No aplica
2012,AD-008-2012,2012-08-27,"Mediante el cual se autoriza a gestionar, construir, efectuar convenios, dotar y reglamentar un centro integral de asistencia para el adulto mayor en el distrito de cartagena de indias",4,Politica Social,Felipe Merlano De La Ossa,Rafael Meza Perez,Vigente,No aplica
2012,AD-009-2012,2012-08-27,Por el cual se implementa el sistema bilingue en la señalizacion vial y peatonal en el distrito de cartagena,5,movilidad,Felipe Merlano De La Ossa,Rafael Meza Perez,Vigente,No aplica
2012,AD-010-2012,2012-08-27,Por medio del cual se oficializa el distintivo único distrital para vehiculos automotores en los que se transporten de manera continua personas minusvalidas,9,movilidad,Felipe Merlano De La Ossa,Rafael Meza Perez,Vigente,No aplica
2012,AD-011-2012,2012-10-12,Por el cual se crea un cargo de secretaria  ejecutiva i transitorio en la planta de persona de la contraloria distrital en cumplimiento de una sentencia judicial,5,Organos de control,Willian Bruce Mac Master Rojas,Rafael Meza Perez,Vigente,No aplica
2012,AD-012-2012,2012-10-16,"Por el cual se adopta una política pública con enfoque diferencial inclusion efectiva para la población afrocolombiana, negra, palenquera y raizal en el distrito de cartagena de indias -cartagena ciudad de oportunidades inclusivas",26,Asuntos etnicos,Willian Bruce Mac Master Rojas,Rafael Meza Perez,Derogado,Derogado por el acuerdo 195 de 2025
2012,AD-013-2012,2012-10-31,Por medio del cual se efectúa una incorporacion presupuestal en la vigencia fiscal 2012 en el departamento administrativo distrital de salud dadis,3,Finanzas Publicas,Willian Bruce Mac Master Rojas,Rafael Meza Perez,Vigente,No aplica
2012,AD-014-2012,2012-12-03,Por el cual se adopta una politica publica con enfoque diferencial de envejecimiento y vejez  en el distrito de cartagena de indias,14,Politica Social,Carlos Otero Gerdts,Rafael Meza Perez,Vigente,No aplica
2012,AD-015-2012,2012-12-21,"Por el cual se aprueba el presupuesto de rentas, recursos de capital y recursos de fondos especiales; apropiaciones de funcionamiento y de servicio de la deuda del distrito de cartagena de indias para la vigencia fiscal de 2013",91,Finanzas Publicas,Carlos Otero Gerdts,Rafael Meza Perez,Derogado,Derogado por el acuerdo 195 de 2025
2012,AD-016-2012,2012-12-29,Por el cual se efectua una incorporacion en el presupuesto de ingresos y gastos de la vigencia fiscal 2012,3,Finanzas Publicas,Carlos Otero Gerdts,Rafael Meza Perez,Vigente,No aplica
2013,AD-001-2013,2013-03-04,Por el cual se adoptan condiciones especiales para el pago de impuestos tasas y contribuciones para aplicar en el distrito turistico y cultural de cartagena de indias contempladas en la ley 1607 de 2012,4,Finanzas Publicas,Carlos Otero Gerdts,Antonio Quinto Guerra Varela,Vigente,No aplica
2013,AD-002-2013,2013-05-06,Por el cual se efectua una incorporacion en el presupuesto de ingresos gastos e inversiones de la vigencia fiscal 2013,2,Finanzas Publicas,Carlos Otero Gerdts,Antonio Quinto Guerra Varela,Derogado,Derogado por el acuerdo 195 de 2025
2013,AD-003-2013,2013-05-17,"Por medio del cual se crea el fondo educativo  bicentenario de Cartagena para promover la cofinanciacion de subsidios para el acceso a la educación superior del distrito del distrito turistico y cultural, de cartagena de indias, en desarrollo de 1o dispuesto en el plan nacional de desarrollo - prosperidad para todos y se dictan otras disposiciones",4,Educacion,Carlos Otero Gerdts,Antonio Quinto Guerra Varela,Vigente,No aplica
2013,AD-004-2013,2013-05-17,"Por el cual se efectua una incorporacion en el presupuesto de ingresos, gastos e inversiones de la vigencia fiscal 2013",3,Finanzas Publicas,Carlos Otero Gerdts,Antonio Quinto Guerra Varela,Derogado,Derogado por el acuerdo 195 de 2025
2013,AD-005-2013,2013-07-30,"Por el cual se efectua una incorporación en el presupuesto de ingresos, gastos e inversiones de la vigencia fiscal 2013",3,Finanzas Publicas,Dionisio Fernando Velez Trujillo,Antonio Quinto Guerra Varela,Derogado,Derogado por el acuerdo 195 de 2025
2013,AD-006-2013,2013-10-11,"Por medio del cual efectuan unas incorporaciones y unos traslados presupuestales en el presupuesto de rentas, recursos de capital y recursos de fondos especiales; apropiaciones de funcionamiento y de servicio de la deuda del distrito de cartagena de indias de la vigencia fiscal 2013",5,Finanzas Publicas,Carlos Coronado Yances,Antonio Quinto Guerra Varela,Derogado,Derogado por el acuerdo 195 de 2025
2013,AD-007-2013,2013-11-20,Por medio del cual se ordena formular los planes integrales de prevencion de la violencia escolar y educación para la sexualidad (previese) en cartagena de indias,10,Educacion,Carlos Coronado Yances,Antonio Quinto Guerra Varela,Vigente,No aplica
2013,AD-008-2013,2013-11-20,Por medio del cual se autoriza al alcalde mayor de cartagena de indias para comprometer vigencias futuras en términos de tiempo a fin de suscribir el contrato de encargo fiduciario con fiduciaria la previsora sa,2,Vigencias futuras,Carlos Coronado Yances,Antonio Quinto Guerra Varela,Derogado,Derogado por el acuerdo 195 de 2025
2013,AD-009-2013,2013-12-02,"Por medio del cual efectuan unas incorporaciones presupuestales en el presupuesto de rentas, recursos de capital y recursos de fondos especiales del distrito de cartagena de indias de la vigencia fiscal 2013",3,Finanzas Publicas,Dionisio Fernando Velez Trujillo,Antonio Quinto Guerra Varela,Derogado,Derogado por el acuerdo 195 de 2025
2013,AD-010-2013,2013-12-16,Por el cual se modifica parcialmente el acuerdo 048 de 26 de diciembre de 2006 y se dictan disposiciones relacionadas con los parques y zonas verdes,8,Gobernanza urbana,Dionisio Fernando Velez Trujillo,Antonio Quinto Guerra Varela,Vigente,No aplica
2013,AD-011-2013,2013-12-16,Por el cual se autoriza al alcalde de cartagena para comprometer vigencias futuras ordinarias tendientes a la efectiva continuidad en la prestacion de servicios indispensables y gastos de inversion para la administracion distrital en la vigencia fiscal 2014,3,Vigencias futuras,Dionisio Fernando Velez Trujillo,Antonio Quinto Guerra Varela,Derogado,Derogado por el acuerdo 195 de 2025
2013,AD-012-2013,2013-12-18,Por el cual se autoriza al alcalde mayor de cartagena para comprometer vigencias futuras excepcionales para gastos de inversion en la vigencia fiscal 2014,5,Vigencias futuras,Dionisio Fernando Velez Trujillo,Antonio Quinto Guerra Varela,Derogado,Derogado por el acuerdo 195 de 2025
2013,AD-013-2013,2013-12-18,"Por el cual se aprueba el presupuesto de rentas, recursos de capital y recursos de fondos especiales; apropiaciones de funcionamiento y de servicio de la deuda del distrito de cartagena de indias para la vigencia fiscal de 2014",86,Finanzas Publicas,Dionisio Fernando Velez Trujillo,Antonio Quinto Guerra Varela,Derogado,Derogado por el acuerdo 195 de 2025
2013,AD-014-2013,2013-12-26,Por medio del cual se efectua una incorporacion de recursos de ley 21 de 1982 al presupuesto de la secretaria de educacion del distrito de cartagena de indias en la vigencia fiscal 2013,3,Finanzas Publicas,Dionisio Fernando Velez Trujillo,Antonio Quinto Guerra Varela,Derogado,Derogado por el acuerdo 195 de 2025
2013,AD-015-2013,2013-12-26,Por medio del cual se efectua una incorporacion presupuestal con recursos de sistema general de participaciones educacion,3,Finanzas Publicas,Dionisio Fernando Velez Trujillo,Antonio Quinto Guerra Varela,Derogado,Derogado por el acuerdo 195 de 2025
2013,AD-016-2013,2013-12-26,Por medio del cual se adopta el plan de desarrollo del distrito turistico y cultural de cartagena de indias Ahora Si Cartagena 2013 -2015,18,Plan de Desarrollo,Dionisio Fernando Velez Trujillo,Antonio Quinto Guerra Varela,Vigente,No aplica
2013,AD-017-2013,2013-12-26,Por medio del cual se determina el nombre de las plazas del centro histórico sector la matuna y se crea la ruta de la identidad como estrategia para la revitalización del centro historico de la ciudad de cartagena de indias y se dictan otras disposiciones de carácter cultural,8,gestion de bienes y patrimonio,Dionisio Fernando Velez Trujillo,Antonio Quinto Guerra Varela,Vigente,No aplica
2014,AD-001-2014,2014-03-10,Por el cual se autoriza al alcalde mayor de cartagena de indias para efectuar cesion gratuita de un inmueble a la fiscalia general  de la nacion para la construccion de la unidad  de reaccion inmediata uri centro de servicios judiciales y fomento de la convivencia ciudadana para el distrito de cartagena,2,Cesion de predios o bienes,Dionisio Fernando Velez Trujillo,Vicente Antonio Blel Scaff,Derogado,Derogado por el acuerdo 195 de 2025
2014,AD-002-2014,2014-03-21,"Por el cual se autoriza al alcalde de cartagena para realizar una operacion de crédito público, como fuente de financiacion al programa de inversiones del plan de desarrollo ahora si cartagena",4,Operaciones de credito,Carlos Coronado Yances,Vicente Antonio Blel Scaff,Derogado,Derogado por el acuerdo 195 de 2025
2014,AD-003-2014,2014-04-09,Por medio del cual se efectua una incorporacion en el presupuesto de la vigencia fiscal 2014,3,Finanzas Publicas,Dionisio Fernando Velez Trujillo,Vicente Antonio Blel Scaff,Derogado,Derogado por el acuerdo 195 de 2025
2014,AD-004-2014,2014-05-14,Por medio del cual se efectua una incorporacion en el presupuesto de la vigencia fiscal 2014,3,Finanzas Publicas,Dionisio Fernando Velez Trujillo,Vicente Antonio Blel Scaff,Derogado,Derogado por el acuerdo 195 de 2025
2014,AD-005-2014,2014-05-14,"Por el cual se autoriza al alcalde mayor de cartagena para adquirir obligaciones que afecten los presupuestos de vigencias futuras ordinarias, tendientes a garantizar el pago de los servicios de una saciedad fiduciaria que se encargue de la administración y pago de ingresos corrientes e ingresos de capital de la administración distrital",4,Vigencias futuras,Dionisio Fernando Velez Trujillo,Vicente Antonio Blel Scaff,Derogado,Derogado por el acuerdo 195 de 2025
2014,AD-006-2014,2014-07-28,Por medio del cual se efectua una incorporacion en el presuouesto de la vigencia fiscal 2014,3,Finanzas Publicas,Dionisio Fernando Velez Trujillo,Vicente Antonio Blel Scaff,Derogado,Derogado por el acuerdo 195 de 2025
2014,AD-007-2014,2014-07-28,Por el cual se autoriza al alcalde mayor de cartagena para la asuncion de compromisos que afecten los presupuestos de vigencias futuras ordinarias para al ejecucion de los siguientes  proyectos pavimentacion de vias principales en los barrios de cartagena infraestructura educativa en colegios publicos de cartagena  mejoramiento y ampliacion de infraestructura hospitalaria de nivel 1 2 3 y otras obras de infraestructura,5,Vigencias futuras,Dionisio Fernando Velez Trujillo,Vicente Antonio Blel Scaff,Derogado,Derogado por el acuerdo 195 de 2025
2014,AD-008-2014,2014-08-01,Por medio del cual se efectua una incorporacion en el presupuesto de la vigencia fiscal 2014,3,Finanzas Publicas,Dionisio Fernando Velez Trujillo,Vicente Antonio Blel Scaff,Derogado,Derogado por el acuerdo 195 de 2025
2014,AD-009-2014,2014-08-04,Por medio del cual se faculta y autoriza al alcalde mayor de cartagena de indias para que asocie al distrito turistico y cultural de cartagena de indias en la asociacion colombiana de ciudades capitales de departamentos,2,Gestion administrativa,Dionisio Fernando Velez Trujillo,Vicente Antonio Blel Scaff,Vigente,No aplica
2014,AD-010-2014,2014-08-04,"Por el cual se reglamenta el espacio público distrital para su uso temporal y eventual, así como su aprovechamiento económico y se dictan otras disposiciones",20,Gobernanza urbana,Dionisio Fernando Velez Trujillo,Vicente Antonio Blel Scaff,Vigente,No aplica
2014,AD-011-2014,2014-08-08,Por el cual se denomina el puente pasacaballo isla baru baru,2,gestion de bienes y patrimonio,Ramon Leon Hernandez,Vicente Antonio Blel Scaff,Vigente,No aplica
2014,AD-012-2014,2014-08-08,"Por medio del cual se proclama el día distrital del comunero, se crea la orden civil al merito jose acevedo y gomez y se dictan otras disposiciones",6,Participacion,Ramon Leon Hernandez,Vicente Antonio Blel Scaff,Vigente,No aplica
2014,AD-014-2014,2014-10-15,"Por el cual se autoriza al alcalde mayor de cartagena de indias, para ceder parcialmente un lote del predio de mayor extensión identificado con la matricula inmobiliaria no. 060-12879, para la construcción del laboratorio departamental de salud",3,Cesion de predios o bienes,Dionisio Fernando Velez Trujillo,Vicente Antonio Blel Scaff,Derogado,Derogado por el acuerdo 195 de 2025
2014,AD-015-2014,2014-10-16,"por el cual se establece la instalación, mantenimiento y uso de desfibriladores automáticos o semiautomáticos externos en los centros comerciales, terminales de pasajeros aéreas, portuarias y terrestres, instituciones de educación superior publicas y privadas, plaza de toros, villa olímpica fidel carrasquilla, coliseo bernardo caraballo, coliseo chico de hierro, coliseo norton madrid, cines, teatros, centro de convenciones, centros recreacionales, hoteles, moteles y en general espacios donde exista alta afluencia de personas y se dictan otras disposiciones",5,Salud,Dionisio Fernando Velez Trujillo,Vicente Antonio Blel Scaff,Vigente,No aplica
2014,AD-016-2014,2014-11-05,Por el cual se autoriza al alcalde de cartagena para comprometer vigencias futuras ordinarias tendientes a la efectiva continuidad en la prestacion de servicios indispensables y gastos de inversion para administracion distrital en la vigencia fiscal 2014,3,Vigencias futuras,Dionisio Fernando Velez Trujillo,Vicente Antonio Blel Scaff,Vigente,No aplica
2014,AD-017-2014,2014-10-31,Por medio del cual se establece una politica publica de trabajo decente para el distrito de cartagena y se dictan otras disposiciones,8,Politica Social,Dionisio Fernando Velez Trujillo,Vicente Antonio Blel Scaff,Vigente,No aplica
2014,AD-018-2014,2014-11-05,Por el cual se conceden estimulos tributarios en impuestos de industria y comercio y predial unificado a las personas naturales y jurídicas que se establezcan en la central de abastecimiento mayorista y minorista de la ciudad de cartagena,7,Beneficios tributarios,Dionisio Fernando Velez Trujillo,Vicente Antonio Blel Scaff,Vigente,No aplica
2014,AD-019-2014,2014-11-05,"Por el cual se autoriza al alcalde de cartagena de indias d.t.y.c. para la constitucion de una sociedad de economía mixta por acciones para que promueva, gestione e impulse la construcción y funcionamiento de una central de abastecimiento mayorista y minorista de la ciudad y se dictan otras disposiciones",7,Gestion administrativa,Dionisio Fernando Velez Trujillo,Vicente Antonio Blel Scaff,Derogado,Derogado por el acuerdo 195 de 2025
2014,AD-020-2014,2014-11-05,"Por el cual se concede autorizacion al alcalde distrital de cartagena de indias, para efectuar cesion gratuita de un inmueble a la fiscalia general de la nacion para la construccion de la unidad de reaccion inmediata uri",2,Cesion de predios o bienes,Dionisio Fernando Velez Trujillo,Vicente Antonio Blel Scaff,Derogado,Derogado por el acuerdo 195 de 2025
2014,AD-021-2014,2014-12-04,"Mediante el cual se crea e institucionaliza en el distrito de cartagena de indias el mes de la prevención de cancer de cervix, mama y prostata",4,Salud,Dionisio Fernando Velez Trujillo,Vicente Antonio Blel Scaff,Vigente,No aplica
2014,AD-022-2014,2014-12-10,Por medio del cual se cambia el nombre de la calle fulgencio lequerica velez del barrio olaya herrera sector estela por el nombre de rodrigo rocky valdez y se designa a la carrera 65 del barrio blas de lezo el nombre de ernesto jiqui redondo guerrero,3,gestion de bienes y patrimonio,Dionisio Fernando Velez Trujillo,Vicente Antonio Blel Scaff,Vigente,No aplica
2014,AD-023-2014,2014-12-10,Por medio del cual se institucionaliza el pedregazo en el barrio getsemani,5,"Artes, patrimonio y cultura",Dionisio Fernando Velez Trujillo,Vicente Antonio Blel Scaff,Vigente,No aplica
2014,AD-025-2014,2014-12-12,"Por medio del cual efectúan unas incorporaciones y unos traslados presupuestales de la inversión entre distintas unidades ejecutoras, del distrito de cartagena de indias de la vigencia fiscal 2014",5,Finanzas Publicas,Dionisio Fernando Velez Trujillo,Vicente Antonio Blel Scaff,Derogado,Derogado por el acuerdo 195 de 2025
2014,AD-026-2014,2014-12-16,"Por el cual se autoriza al alcalde mayor de cartagena de indias, para celebrar contrato de comodato de un bien inmueble, con la junta de accion comunal de la urbanizacion villas de la candelaria de la ciudad de cartagena de indias",2,Gestion contractual,Roberto Barrios Martinez,Vicente Antonio Blel Scaff,Derogado,Derogado por el acuerdo 195 de 2025
2014,AD-027-2014,2014-12-16,"Por el cual se aprueba el presupuesto de rentas, recursos de capital y recursos de fondos especiales; apropiaciones de funcionamiento y de servicio de la deuda del distrito de cartagena de indias para la vigencia fiscal de 2015",87,Finanzas Publicas,Roberto Barrios Martinez,Vicente Antonio Blel Scaff,Derogado,Derogado por el acuerdo 195 de 2025
2014,AD-028-2014,2014-12-16,Por el cual se autoriza al alcalde mayor de cartagena de indias para comprometer vigencias futuras excepcionales para gastos de inversion en la vigencia fiscal 2015,5,Vigencias futuras,Roberto Barrios Martinez,Vicente Antonio Blel Scaff,Derogado,Derogado por el acuerdo 195 de 2025
2014,AD-029-2014,2014-12-23,Por medio del cual se institucionaliza las fechas 20 de enero como concertación para la no violencia de la mujer residente y de paso en el distrito cartagena de indias el 25 de noviembre como la celebración del día de la no violencia de las mujeres residentes y de paso en el distrito de cartagena de indias,5,Convivencia,Dionisio Fernando Velez Trujillo,Vicente Antonio Blel Scaff,Vigente,No aplica
2015,AD-001-2015,2015-01-05,Por medio del cual se crea el fondo territorial de seguridad y convivencia ciudadana fonset en el distrito de cartagena y se dictan otras disposiciones,10,Seguridad,Dionisio Fernando Velez Trujillo,Vicente Antonio Blel Scaff,Derogado,Derogado por el acuerdo 195 de 2025
2015,AD-002-2015,2015-04-22,"Por el cual se establece en el distrito el procedimiento para la conciliación contencioso administrativa tributaria, la terminación por mutuo acuerdo de los procesos administrativos tributarios y la condición especial para el pago de impuestos contenidos en los artículos 55, 56 y 57 de la ley 1739 de 2014",13,Gestion administrativa,Dionisio Fernando Velez Trujillo,David Dager Lequerica,Derogado,Derogado por el acuerdo 195 de 2025
2015,AD-003-2015,2015-05-11,Por medio del cual se autoriza al alcalde mayor de cartagena de indias para dar cumplimiento a los compromisos contenido dentro del conpes 3823 de 2014 comprometiendo vigencias futuras excepcionales con cargo al presupuesto de las vigencias fiscales 2016 a 2020 con recursos de la sobretasa a la gasolina y se dictan otras disposiciones,3,Vigencias futuras,Dionisio Fernando Velez Trujillo,David Dager Lequerica,Derogado,Derogado por el acuerdo 195 de 2025
2015,AD-004-2015,2015-05-11,Por medio del cual se efectua una incorporacion en el presupuesto de la vigencia fiscal 2015,3,Finanzas Publicas,Dionisio Fernando Velez Trujillo,David Dager Lequerica,Derogado,Derogado por el acuerdo 195 de 2025
2015,AD-005-2015,2015-05-25,Por medio del cual se establece la implementación del plan para la prevención monitoreo y control del caracol gigante africano achatina fulica y el pez leon pterois antennata en el distrito de cartagena,3,Ambiente,Dionisio Fernando Velez Trujillo,David Dager Lequerica,Vigente,No aplica
2015,AD-006-2015,2015-05-25,Por el cual se toman medidas para disminuir la contaminacion auditiva en el distrito de cartagena de indias d t y c,2,Ambiente,Dionisio Fernando Velez Trujillo,David Dager Lequerica,Vigente,No aplica
2015,AD-007-2015,2015-05-25,"Por medio del cual se modifica el acuerdo no 013 de 2014 por medio del cual se hace seguimiento a los procesos de ejecución, recibo e inauguración de obras públicas en el distrito de cartagena",2,infraestructura y obras publicas,Dionisio Fernando Velez Trujillo,David Dager Lequerica,Vigente,No aplica
2015,AD-008-2015,2015-06-22,Por medio del cual se efectua unos traslados en el presupuesto del distrito turistico y cultural de cartagena de indias vigencia fiscal 2015,2,Finanzas Publicas,Carlos Granadillo Vasquez,David Dager Lequerica,Derogado,Derogado por el acuerdo 195 de 2025
2015,AD-009-2015,2015-06-25,Por el cual se establece una política pública para la prevención y atención de las violencias sexuales que afectan a la ciudadanía principalmente a niñas niños y adolescentes de la ciudad de cartagena de indias,11,Salud,Dionisio Fernando Velez Trujillo,David Dager Lequerica,Vigente,No aplica
2015,AD-010-2015,2015-08-18,Por el cual se crea el programa de cartagena ciudad historica de grandes eventos y produccion de contenidos,10,"Artes, patrimonio y cultura",Roberto Barrios Martinez,David Dager Lequerica,Vigente,No aplica
2015,AD-011-2015,2015-08-18,Por el cual se crea conforma se fijan sus funciones y se dictan reglas para la organización y el funcionamiento de la comisión distrital de ordenamiento territorial del distrito turistico y cultural de cartagena de indias,18,Gobernanza urbana,Roberto Barrios Martinez,David Dager Lequerica,Vigente,No aplica
2015,AD-012-2015,2015-08-18,Por el cual se crea el frente de control social a los servicios publicos de cartagena,5,Participacion,Roberto Barrios Martinez,David Dager Lequerica,Vigente,No aplica
2015,AD-013-2015,2015-08-18,Por medio del cual se efectua una incorporacion en el presupuesto de la vigencia fiscal 2015,5,Finanzas Publicas,Roberto Barrios Martinez,David Dager Lequerica,Derogado,Derogado por el acuerdo 195 de 2025
2015,AD-014-2015,2015-08-24,Por medio del cual se crea la comision de estudio seguimiento evaluacion y proyeccion del cerro de la popa,5,Gestion administrativa,Dionisio Fernando Velez Trujillo,David Dager Lequerica,Vigente,No aplica
2015,AD-015-2015,2015-09-02,Por medio del cual se ratifica la adopcion del escudo republicano como simbolo patrio de cartagena de indias,7,"Artes, patrimonio y cultura",Dionisio Fernando Velez Trujillo,David Dager Lequerica,Vigente,No aplica
2015,AD-016-2015,2015-09-15,Por el cual se reglamenta los casos en que se hace necesario la aprobacion y autorizacion del concejo distrital para la realizacion de concesiones por parte de la alcaldia distrital cartagena y otras disposiciones,5,Gestion contractual,Dionisio Fernando Velez Trujillo,David Dager Lequerica,Vigente,No aplica
2015,AD-017-2015,2015-10-27,Por medio del cual se efectua una incorporacion y unos traslados presupuestales en el presupuesto de la vigencia fiscal 2015,5,Finanzas Publicas,Dionisio Fernando Velez Trujillo,David Dager Lequerica,Derogado,Derogado por el acuerdo 195 de 2025
2015,AD-018-2015,2015-10-29,Por el cual se modifica parcialmente el acuerdo no 018 de 2003 actualizado y concordado con los acuerdos no 031 de diciembre 29 de 2005 y el 042 de diciembre 21 de 2006 conforme a la ley 1551 de 2012,2,Organos de control,Carlos Coronado Yances,David Dager Lequerica,Derogado,Derogado por el acuerdo 195 de 2025
2015,AD-019-2015,2015-11-25,Por el cual se fijan las tarifas por concepto de derechos de tránsito y demás servicios que presta el departamento administrativo de transportes y tránsito distrital de cartagena,8,movilidad,Dionisio Fernando Velez Trujillo,William Lopez Camacho,Vigente,No aplica
2015,AD-020-2015,2015-11-27,"Por el cual se modifica parcialmente el acuerdo no. 018 de 2003, actualizado y concordado con los acuerdos no. 031 de diciembre 29 de 2005 y el 042 de diciembre 21 de 2006, conforme al acto legislativo 02 de 1 de julio de 2015",2,Organos de control,Carlos Granadillo Vasquez,David Dager Lequerica,Derogado,Derogado por el acuerdo 002 de 2018
2015,AD-021-2015,2015-11-30,Por el cual se autoriza al alcalde mayor de cartagena celebrar un otrosi al contrato n° 9-1333889 de octubre 27 df 1998 celebrado entre la union temporal ingenieria suninistros y montajes ism s a electroconstrucciones ltda hoy ecosodio s.a- electro contrucciones ltda,4,Gestion contractual,Dionisio Fernando Velez Trujillo,David Dager Lequerica,Derogado,Derogado por el acuerdo 195 de 2025
2015,AD-022-2015,2015-11-30,Por medio del cual se conceden facultades al alcalde mayor de cartagena de indias dt y c para crear una entidad sin animo de lucro de carácter mixto conforme a lo establecido en el articulo 96 de la ley 489 de 1998 y se establecen otras disposiciones especiales,7,Gestion administrativa,Dionisio Fernando Velez Trujillo,David Dager Lequerica,Derogado,Derogado por el acuerdo 195 de 2025
2015,AD-023-2015,2015-12-07,Por medio del cual se establece la prevención de actos de erotización temprana o de cualquier acto que afecte la debida formación general de derecho sexual y reproductivo de los niños y niñas en el distrito turistico y cultural de cartagena de indias y sus corregimientos,8,Comportamiento ciudadano,Dionisio Fernando Velez Trujillo,David Dager Lequerica,Vigente,No aplica
2015,AD-024-2015,2015-12-07,Por el cual se modifica parcialmente el acuerdo 041 de 2007 y se dictan otras disposiciones,3,Gobernanza urbana,Dionisio Fernando Velez Trujillo,David Dager Lequerica,Vigente,No aplica
2015,AD-025-2015,2015-12-17,Por el cual se modifica parcialmente el acuerdo no 018 de 2003 actualizado y concordado con los acuerdos no 031 de diciembre 29 de 2005 042 de diciembre 21 de 2006 018 del 29 de octubre de 2015 y 020 del 27 de noviembre de 2015 conforme al acto legislativo 02 de 2015,1,Reglamento concejo,Roberto Barrios Martinez,David Dager Lequerica,Derogado,Derogado por el acuerdo 195 de 2025
2015,AD-026-2015,2015-12-18,Por el cual se aprueba el presupuesto de rentas recursos de capital y recursos de fondos especiales apropiaciones de funcionamiento y de sevicio de la deuda del distrito de cartagena de indias para la vigencia fiscal de 2016,88,Finanzas Publicas,Dionisio Fernando Velez Trujillo,David Dager Lequerica,Derogado,Derogado por el acuerdo 195 de 2025
2015,AD-027-2015,2015-12-21,Por medio del cual se establece la escala salarial de la planta de personal temporal de la ese cartagena de indias,6,Gestion administrativa,Dionisio Fernando Velez Trujillo,David Dager Lequerica,Vigente,No aplica
2015,AD-028-2015,2015-12-24,Por medio del cual se efectúa una incorporación presupuestal en el presupuesto de la vigencia fiscal 2015/ y una corrección al acuerdo 017 de 27 de octubre 2015,4,Finanzas Publicas,Dionisio Fernando Velez Trujillo,David Dager Lequerica,Derogado,Derogado por el acuerdo 195 de 2025
2015,AD-029-2015,2015-12-29,Por el cual se autoriza al alcalde mayor de cartagena de indias para entregar en comodato un bien inmueble a la liga de la lucha contra el cancer,2,gestion de bienes y patrimonio,Dionisio Fernando Velez Trujillo,David Dager Lequerica,Derogado,Derogado por el acuerdo 195 de 2025
2015,AD-030-2015,2015-12-29,Por el cual se crea el consejo interistitucional para el desarrollo de la ciencia tecnologia e innovacion al desarrollo distrital,10,"Ciencia, Tecnologia, Innovacion",Dionisio Fernando Velez Trujillo,David Dager Lequerica,Vigente,No aplica
2016,AD-002-2016,2016-03-18,Por medio del cual se crea el consejo distrital de proteccion al consumidor del distrito de cartagena,9,Gestion administrativa,Manuel Vicente Duque,Javier Wadi Curi,Vigente,No aplica
2016,AD-003-2016,2016-03-18,Por medio del cual se autoriza al alcalde mayor de cartagena de indias para ceder a título gratuito el dominio de predios fiscales ocupados con viviendas de interés social antes del 30 de noviembre de 2001 de conformidad con el artículo 2 de la ley 1001 de 2005 y se dictan otras disposiciones,7,Cesion de predios o bienes,Manuel Vicente Duque,Javier Wadi Curi,Derogado,Derogado por el acuerdo 195 de 2025
2016,AD-004-2016,2016-05-03,"Por medio del cual se efectua una incorporación al presupuesto de rentas, recursos de capital y recursos de fondos especiales apropiaciones de funcionamiento y de servicio de la deuda del distrito de cartagena de indias para la vigencia fiscal 2016",3,Finanzas Publicas,Luz Estela Caceres,Javier Wadi Curi,Derogado,Derogado por el acuerdo 195 de 2025
2016,AD-005-2016,2016-06-08,Por medio del cual se efectúa una incorporación al presupuesto de rentas recursos de capital y recursos de fondos especiales apropiaciones de funcionamiento y de servicio de la deuda del distrito de cartagena de indias para la vigencia fiscal 2016,3,Finanzas Publicas,Adriana Meza Yepez,Javier Wadi Curi,Derogado,Derogado por el acuerdo 195 de 2025
2016,AD-006-2016,2016-06-13,"Por medio del cual se adopta el Plan de Desarrollo del Distrito Turistico y Cultural de Cartagena de Indias 2016-2019 ""Primero la Gente para una Cartagena sostenible y competitiva""",33,Plan de Desarrollo,Manuel Vicente Duque,Javier Wadi Curi,Vigente,No aplica
2016,AD-007-2016,2016-07-28,Por el cual se autoriza al alcalde para realizar las modificaciones presupuestales necesarias a fin de implementar las disposiciones contenidas en el acuerdo 001 del 7 de enero de 2016 con relación con el fondo distrital para la gestión del riesgo de desastre el concejo distrital de cartagena de indias d t y c,2,Finanzas Publicas,Luz Estela Caceres,Javier Wadi Curi,Derogado,Derogado por el acuerdo 195 de 2025
2016,AD-008-2016,2016-07-28,Por medio del cual se efectua una incorporacion y un traslado presupuestal entre unidades ejecutoras en el presupuesto de rentas recursos de capital y recursos de fondos especiales apropiaciones de funcionamiento inversion y de servicio de la deuda del distrito de cartagena de indias para la vigencia fiscal 2016 por valor de 6919470310300,4,Finanzas Publicas,Luz Estela Caceres,Javier Wadi Curi,Derogado,Derogado por el acuerdo 195 de 2025
2016,AD-009-2016,2016-10-25,"Por medio del cual se efectúa una incorporación y unos traslados presupuestales entre unidades ejecutoras en el presupuesto de rentas recursos de capital y recursos de fondos especiales apropiaciones de funcionamiento y de servicio de la deuda del distrito de cartagena de indias para la vigencia fiscal 2016 por valor de veinticinco mil ochocientos cuarenta y cuatro millones setecientos doce mil setecientos sesenta y dos pesos m cte $25.844.712.762,00",6,Finanzas Publicas,Manuel Vicente Duque,Javier Wadi Curi,Derogado,Derogado por el acuerdo 195 de 2025
2016,AD-010-2016,2016-10-27,Por medio del cual se autoriza al alcalde mayor del distrito turistico y cultural de cartagena de indias para la asuncion de compromisos con cargo al presupuesto de vigencias futuras ordinarias 2017,7,Vigencias futuras,Manuel Vicente Duque,Javier Wadi Curi,Derogado,Derogado por el acuerdo 195 de 2025
2016,AD-011-2016,2016-11-22,Por medio del cual se autoriza al alcalde mayor del distrito turistico y cultural de cartagena de indias para la asuncion de compromisos con cargo a presupuestos de vigencias futuras ordinarias 2017,9,Vigencias futuras,Manuel Vicente Duque,Javier Wadi Curi,Derogado,Derogado por el acuerdo 195 de 2025
2016,AD-012-2016,2016-11-22,Por medio del cual se fomenta la practica de actividades deportivas novedosas y se ratifica la necesidad de apoyo al sistema deportivo distrital de cartagena de indias y se dictan otras disposiciones,7,deporte y recreacion,Manuel Vicente Duque,Javier Wadi Curi,Vigente,No aplica
2016,AD-013-2016,2016-11-28,Por medio del cual se adopta y reglamenta la educacion vial como mecanismo para la prestacion del servicio social obligatorio por parte de los estudiantes de educacion media en el distrito de cartagena de indias,4,movilidad,Manuel Vicente Duque,Javier Wadi Curi,Vigente,No aplica
2016,AD-014-2016,2016-11-28,Por medio del cual se dictan disposiciones para el diseño e implementación de la cátedra de la paz como medio para la promoción garantía y fortalecimiento de una educación para la convivencia pacífica en el distrito turístico y cultural de cartagena de indias y se dictan otras disposiciones,7,Convivencia,Manuel Vicente Duque,Javier Wadi Curi,Vigente,No aplica
2016,AD-015-2016,2016-11-29,Por el cual se reglamenta el sistema de emergencias medicas para el distrito de cartagena,7,Salud,Manuel Vicente Duque,Javier Wadi Curi,Vigente,No aplica
2016,AD-016-2016,2016-11-29,Por medio del cual se establece como obligatorio la revision general anual de los sistemas de transporte vertical en edificaciones y puertas electricas en el distrito de cartagena y se dictan otras dispociones,6,Gestion de riesgos y emergencias,Manuel Vicente Duque,Javier Wadi Curi,Vigente,No aplica
2016,AD-017-2016,2016-12-16,"Por medio del cual se efectúa una incorporación en el presupuesto de rentas, recursos de capital y recursos de fondos especiales; apropiaciones de funcionamiento y de servicio de la deuda del distrito de cartagena de indias para la vigencia fiscal 2016, por valor de cuarenta y seis mil noventa y un millones novecientos treinta y un mil cuarenta y dos pesos m.cte ($46.091.931.042,00) y un traslado presupuestal entre unidades ejecutoras",6,Finanzas Publicas,Manuel Vicente Duque,Javier Wadi Curi,Derogado,Derogado por el acuerdo 195 de 2025
2016,AD-018-2016,2016-12-19,Por el cual se aprueba el prespuesto de rentas recursos de capital y recursos de fondos espciales apropiaciones de funcionamiento y de servicio de la deuda del distrito de cartagena de indias para la vigencia fiscal de 2017,111,Finanzas Publicas,Manuel Vicente Duque,Javier Wadi Curi,Derogado,Derogado por el acuerdo 195 de 2025
2016,AD-019-2016,2016-12-26,Por medio del cual se autoriza al calde mayor del distrito turistico y cultural de cartagena de indias para la asuncion de compromisos con cargo a presupuestos de vigencias futuras ordinarias 2017,7,Vigencias futuras,Manuel Vicente Duque,Javier Wadi Curi,Derogado,Derogado por el acuerdo 195 de 2025
2016,AD-020-2016,2016-12-26,"Por medio del cual se establece el sistema de seguridad, salvamento y rescate nautico y maritimo en el distrito de cartagena y se dictan otras disposiciones",7,Gestion de riesgos y emergencias,Manuel Vicente Duque,Javier Wadi Curi,Vigente,No aplica
2016,AD-022-2016,2016-12-27,"Por el cual se establecen los factores de subsidio para los estratos 1, 2 y 3 y los factores de aporte solidario para los estratos 5, 6, industrial y comercial en los servicios de acueducto, alcantarillado y aseo para la ciudad de cartagena",4,Servicios publicos,Manuel Vicente Duque,Javier Wadi Curi,Vigente,No aplica
2016,AD-023-2016,2016-12-27,Por el cual se autoriza al alcalde del distrito de cartagena para transferir a la empresa de desarrollo urbano edurbe s a recursos del sistema general de participaciones de agua potable y saneamiento básico y participacion de proposito general  libre inversion para la ejecución de obras del sistema de alcantarillado pluvial del distrito de cartagena de indias,5,Gestion administrativa,Manuel Vicente Duque,Javier Wadi Curi,Vigente,No aplica
2016,AD-024-2016,2016-12-27,Por el cual se autoriza al alcalde de cartagena para contratar operaciones de credito publico en la modalidad de credito de proveedor como fuente de financiacion para la realizacion del proyecto centro administrativo distrital  cad de la alcaldia de cartagena de indias,5,Operaciones de credito,Manuel Vicente Duque,Javier Wadi Curi,Derogado,Derogado por el acuerdo 195 de 2025
2016,AD-025-2016,2016-12-30,Por medio del cual se modifica el acuerdo 041 de 2006 que contiene la normativa tributaria del distrito turistico y cultural de cartagena de indias,19,Finanzas Publicas,Manuel Vicente Duque,Javier Wadi Curi,Derogado,Derogado por el acuerdo 195 de 2025
2016,AD-026-2016,2016-12-31,"Por medio del cual se efectúa una incorporación al presupuesto de rentas, recursos de capital y recursos de fondos especiales; apropiaciones de funcionamiento y de servicio de la deuda del distrito de cartagena de indias para la vigencia fiscal 2016",4,Finanzas Publicas,Manuel Vicente Duque,Javier Wadi Curi,Derogado,Derogado por el acuerdo 195 de 2025
2017,AD-001-2017,2017-03-01,Por el cual se establece en el distrito turistico y cultural de cartagena de indias la condicion espcial de pagos de tributos distritales contemplada en el articulo 356 de la ley 1819 de 2016,5,Finanzas Publicas,Manuel Vicente Duque,Lewis Montero Polo,Vigente,No aplica
2017,AD-002-2017,2017-04-04,Por medio del cual se efectúa una incorporación en el presupuesto de rentas recursos de capital y recursos de fondos especiales apropiaciones de funcionamiento y de servicio de la deuda del distrito de cartagena de indias para la vigencia fiscal 2017 por valor de ochenta y tres mil cuatrocientos noventa y seis millones ochocientos quince mil sesenta y un pesos con setenta y tres centavos 8349681506173,4,Finanzas Publicas,Manuel Vicente Duque,Lewis Montero Polo,Derogado,Derogado por el acuerdo 195 de 2025
2017,AD-003-2017,2017-05-09,Por medio del cual se autoriza al alcalde mayor de cartagena de indias para realizar operaciones de crédito público como fuente de financiación al programa de inversiones del plan de desarrollo 2016 2019 primero la gente para una cartagena sostenible y competitiva,6,Operaciones de credito,Manuel Vicente Duque,Lewis Montero Polo,Derogado,Derogado por el acuerdo 195 de 2025
2017,AD-004-2017,2017-05-09,Por medio del cual se efectúa una incorporación en el presupuesto de rentas recursos de capital y recursos de fondos especiales apropiaciones de funcionamiento inversión y de servicio de la deuda del distrito de cartagena de indias d t y c para la vigencia fiscal 2017por valor de veinticuatro mil cuatrocientos cuarenta y nueve millones ciento cuarenta y siete mil cuatrocientos un pesos con cuarenta y un centavos m cte 2444914740141,4,Finanzas Publicas,Manuel Vicente Duque,Lewis Montero Polo,Derogado,Derogado por el acuerdo 195 de 2025
2017,AD-005-2017,2017-05-09,Por medio del cual se autoriza al gerente de corvivienda establecimiento publico del orden distrital para la asuncion de compromisos con cargo al presupuesto de vigencias futuras ordinarias 2018 y 2019,6,Vigencias futuras,Manuel Vicente Duque,Lewis Montero Polo,Derogado,Derogado por el acuerdo 195 de 2025
2017,AD-006-2017,2017-07-24,Por medio del cual se efectua una incorporación en el presupuesto de rentas recursos de capital y recursos de fondos especiales apropiaciones de funcionamiento y de servicio de la deuda del distrito de cartagena de indias por valor de cincuenta y nueve mil ciento sesenta y cinco millones trescientos veintiocho mil ciento treinta y seis pesos con cuatro centavos m/cte 5916532813604 para la vigencia fiscal 2017 y se dictan otras disposiciones,7,Finanzas Publicas,Manuel Vicente Duque,Lewis Montero Polo,Derogado,No aplica
2017,AD-007-2017,2017-11-23,Por el cual se establecen los grados de asignacion basica para unas categorias de empleos contempladas en la ley 1310de 2009,2,Gestion administrativa,Sergio Londoño Zurek,Lewis Montero Polo,Vigente,No aplica
2017,AD-008-2017,2017-12-15,Por medio del cual se efectua una incorporación en el presupuesto de rentas recursos de capital y recursos de fondos especiales apropiaciones de funcionamiento y de servicio de la deuda del distrito de cartagena de indias y traslados presupuestales entre unidades ejecutoras para la vigencia fiscal 2017,8,Finanzas Publicas,Sergio Londoño Zurek,Lewis Montero Polo,Derogado,Derogado por el acuerdo 195 de 2025
2017,AD-009-2017,2017-12-18,Por el cual se aprueba el presupuesto de rentas recursos de capital y recursos de fondos especiales apropiaciones de funcionamiento y de servicio de la deuda del distrito asi como el plan de inversiones para la vigencia fiscal 2018 en el distrito turistico y cultural de cartagena de indias,111,Finanzas Publicas,Sergio Londoño Zurek,Lewis Montero Polo,Derogado,Derogado por el acuerdo 195 de 2025
2017,AD-010-2017,2017-12-27,Por medio del cual se autoriza al alcalde mayor del distrito turistico y cultural de cartagena de indias para la asuncion de vigencias futuras excepcionales con cargo al  presupuesto de la vigencia 2018,10,Vigencias futuras,Sergio Londoño Zurek,Lewis Montero Polo,Derogado,Derogado por el acuerdo 195 de 2025
2017,AD-011-2017,2017-12-27,Por medio del cual se autoriza al alcalde mayor del distrito turistico y cultural de cartagena de indias para la asuncion de compromisos con cargo al presupuesto de vigencias futuras ordinarias 2018,5,Vigencias futuras,Sergio Londoño Zurek,Lewis Montero Polo,Derogado,Derogado por el acuerdo 195 de 2025
2017,AD-012-2017,2017-12-29,por medio del cual se efectua una incorporación en el presupuesto de rentas recursos de capital y recursos de fondos especiales apropiaciones de funcionamiento y de servicio de la deuda del distrito de cartagena de indias vigencia fiscal 2017 y se dictan otras disposiciones,5,Finanzas Publicas,Sergio Londoño Zurek,Lewis Montero Polo,Derogado,Derogado por el acuerdo 195 de 2025
2018,AD-001-2018,2018-01-04,Por medio del cual se declara el dia de la persona sorda en el distrito turistico y cultural de cartagena de indias y se dictan otras disposiciones,3,inclusion social,Irvin Perez Muñoz,Lewis Montero Polo,Vigente,No aplica
2018,AD-002-2018,2018-04-17,Por el cual se deroga el acuerdo 020 del 27 de noviembre de 2015 por el cual se modificó parcialmente el reglamento del concejo acuerdo 018 de 2003 actualizado y concordado con los acuerdos no 031 de diciembre 29 de 2005 042 de diciembre 21 de 2006 018 de octubre 29 de 2015 se reglamenta el proceso de elección de contralor distrital de cartagena de indias y se dictan otras disposiciones,3,Organos de control,Johny Ordosgoita Osorio,Wilson Ernesto Toncel,Derogado,Derogado por el acuerdo 195 de 2025
2018,AD-003-2018,2018-05-25,Por el cual se reglamenta el ejercicio del control politico se implementa la presentacion del informe de gestion institucional de las oficinas de control interno del orden centralizado y descentralizado del distrito de cartagena de indias ante el concejo se integran al reglamento del concejo de cartagena y se dictan otras disposiciones,2,Reglamento concejo,Antonio Quinto Guerra,Wilson Ernesto Toncel,Derogado,Derogado por el acuerdo 195 de 2025
2018,AD-004-2018,2018-05-31,Medio del cual se efectua una incorporación en el presupuesto de rentas recursos de capital y recursos de fondos especiales apropiaciones de funcionamiento y de servicio de la deuda del distrito de cartagena de indias se realizan unos traslados presupuestales entre unidades ejecutoras para la vigencia fiscal 2018 y se dictan otras disposiciones,7,Finanzas Publicas,Antonio Quinto Guerra,Wilson Ernesto Toncel,Derogado,Derogado por el acuerdo 195 de 2025
2018,AD-005-2018,2018-09-06,Por medio del cual se autoriza al personero distrital de cartagena de indias para que expida el acto administrativo a traves del cual se adopta la imagen corporativa y/o institucional de la personería distrital de cartagena de indias conformado por el logo y el eslogan y se dictan otras disposiciones,4,Organos de control,Yolanda Wong,Wilson Ernesto Toncel,Vigente,No aplica
2018,AD-006-2018,2018-09-06,Por medio del cual se efectua una incorporación en el presupuesto de rentas recursos de capital y recursos de fondos especiales apropiaciones de funcionamiento y de servicio de la deuda del distrito de cartagena de indias se realizan unos traslados presupuestales entre unidades ejecutoras para la vigencia fiscal 2018 y se dictan otras disposiciones,5,Finanzas Publicas,Yolanda Wong,Wilson Ernesto Toncel,Derogado,Derogado por el acuerdo 195 de 2025
2018,AD-007-2018,2018-09-17,Por medio deL cual se crea el fondo de bienestar social de la contraloria distrital de cartagena,14,Organos de control,Yolanda Wong,Judith Diaz Agamez,Vigente,No aplica
2018,AD-008-2018,2018-09-17,Por medio del cual se crea un comite tecnico para la formulacion del protocolo de informacion para una vida libre de violencias basadas en genero soy mujer y tengo derechos,7,inclusion social,Yolanda Wong,Wilson Ernesto Toncel,Vigente,No aplica
2018,AD-009-2018,2018-09-17,Por medio del cual se declaran de interes general y se institucionaliza el circuito cultural anual de cartagena de indias distrito turistico y cultural,4,"Artes, patrimonio y cultura",Yolanda Wong,Wilson Ernesto Toncel,Vigente,No aplica
2018,AD-010-2018,2018-09-25,Por medio del cual se autoriza al alcalde mayor del distrito turistico y cultural de cartagena de indias para la asuncion de compromisos con cargo al presupuesto de vigencias futuras ordinarias 2019 y se dictan otras disposiciones,5,Vigencias futuras,Pedrito Pereira,Wilson Ernesto Toncel,Derogado,Derogado por el acuerdo 195 de 2025
2018,AD-011-2018,2018-09-25,Por el cual se rediseña la estructura administrativa planta de cargos escala salarial para las diferentes categorias de empleos del concejo de cartagena de indias d t y c y se dictan otras disposiciones,5,Reglamento concejo,Pedrito Pereira,Wilson Ernesto Toncel,Vigente,No aplica
2018,AD-012-2018,2018-09-25,Por medio del cual se proponen ajustes en las tasas de intereses moratorios aplicables a las deudas tributarias y se dictan otras disposiciones,4,Finanzas Publicas,Pedrito Pereira,Wilson Ernesto Toncel,Derogado,Derogado por el acuerdo 195 de 2025
2018,AD-013-2018,2018-09-25,Por medio del cual se efectua una incorporación en el presupuesto de rentas recursos de capital y recursos de fondos especiales apropiaciones de funcionamiento y de servicio de la deuda asi como el plan de inversiones realizan traslados presupuestales entre unidades ejecutoras para la vigencia fiscal 2018 en el distrito turistico y cultural de cartagena de indias y se dictan otras disposiciones,9,Finanzas Publicas,Pedrito Pereira,Wilson Ernesto Toncel,Derogado,Derogado por el acuerdo 195 de 2025
2018,AD-015-2018,2018-11-29,Por medio del cual se autoriza al alcalde mayor del distrito turistico y cultural de cartagena de indias para la asuncion de vigencias futuras excepcionales,8,Vigencias futuras,Pedrito Pereira,Wilson Ernesto Toncel,Derogado,Derogado por el acuerdo 195 de 2025
2018,AD-016-2018,2018-12-11,por el cual se aprueba el presupuesto de rentas recursos de capital y recursos de fondos especiales las apropiaciones de funcionamiento y de servicio de la deuda así como el plan de inversiones para la vigencia fiscal del 1 de enero al 31 de diciembre de 2019 en el distrito turístico y cultural de cartagena de indias,112,Finanzas Publicas,Martha Seidel Peralta,Wilson Ernesto Toncel,Derogado,Derogado por el acuerdo 195 de 2025
2018,AD-017-2018,2018-12-20,Por el cual se crea un cargo transitorio de profesional universitario cargo codigo 219 grado 20 en la planta de personal de la contraloria distrital de cartagena de indias en cumplimiento de una sentencia judicial,4,Organos de control,Jose Carlos Puello,Lewis Montero Polo,Vigente,No aplica
2018,AD-018-2018,2018-12-20,Por el cual se normaliza en tiempo la gestion del alcalde para que proponga un acuerdo en donde se adopte el plan maestro para el uso de la bicicleta en el distrito turistico y cultural de cartagena de indias,6,movilidad,Jose Carlos Puello,Wilson Ernesto Toncel,Derogado,Derogado por el acuerdo 195 de 2025
2018,AD-019-2018,2018-12-20,Por medio del cual se definen los lineamientos para la creacion del sistema distrital de propiedad horizontal de cartagena conformado por el concejo distrital de propiedad horizontal y los consejos locales de propiedad horizontal,7,Habitat y vivienda,Jose Carlos Puello,Wilson Ernesto Toncel,Vigente,No aplica
2018,AD-020-2018,2018-12-24,Por medio del cual se autoriza al alcalde mayor del distrito turistico cultural de cartagena de indias para la asuncion de compromisos con cargo al presupuesto de vigencias futuras ordinarias 2019,5,Vigencias futuras,Pedrito Pereira,Wilson Ernesto Toncel,Derogado,Derogado por el acuerdo 195 de 2025
2018,AD-021-2018,2018-12-28,Por medio del cual se autoriza al alcalde mayor de cartagena de indias d t y c para celebrar una prorroga al contrato de concesión no 91333889 celebrado entre el distrito turistico y cultural de cartagena de indias y la union temporal ingeniería suministros y montajes s a ism s a electroconstrucciones ltda hoy ecosodio s a  electroconstrucciones ltda de fecha 27 de octubre de1998 y se dictan otras disposiciones,3,Gestion contractual,Pedrito Pereira,Wilson Ernesto Toncel,Derogado,Derogado por el acuerdo 195 de 2025
2018,AD-022-2018,2018-12-29,Por medio del cual se efectua una incorporacion en el presupuesto de rentas recursos de capital y recursos de fondos especiales apropiaciones de funcionamiento y de servicio de la deuda asi como el plan de inversiones para la vigencia fiscal 2018 en el distrito turistico y cultural de cartagena de indias,5,Finanzas Publicas,Pedrito Pereira,Wilson Ernesto Toncel,Derogado,Derogado por el acuerdo 195 de 2025
2018,AD-023-2018,2018-12-29,Por medio del cual se autoriza al alcalde mayor del distrito turistico y cultural de cartagena de indias para compromoter con cargo al presupuesto de 2019 vigencias futuras ordinarias,5,Vigencias futuras,Pedrito Pereira,Wilson Ernesto Toncel,Derogado,Derogado por el acuerdo 195 de 2025
2019,AD-001-2019,2019-05-09,Por medio del cual se efectua una incorporacion en el presupuesto de la vigencia fiscal 2019 se realizan unos traslados entre unidades ejcutoras y se dictan otras disposiciones,8,Finanzas Publicas,Pedrito Pereira,Oscar Alfonso Marin,Derogado,Derogado por el acuerdo 195 de 2025
2019,AD-002-2019,2019-05-21,Por medio del cual se autoriza a la mesa directiva del concejo distrital de cartagena de indias para que realice el proceso para la elaboracion de un logo como imagen corporativa del concejo y expida el acto administrativo a traves del cual adopta la imagen corporativa y/o institucional del concejo distrital de cartagena conformado por el logo y el eslogan y se dictan otras disposiciones,3,Reglamento concejo,Pedrito Pereira,Oscar Alfonso Marin,Vigente,No aplica
2019,AD-003-2019,2019-05-21,Por medio del cual se designa el estadio de beisbol de cartagena de indias con el nombre de estadio de beisbol 11 de noviembre abel leal diaz,2,gestion de bienes y patrimonio,Pedrito Pereira,Oscar Alfonso Marin,Vigente,No aplica
2019,AD-005-2019,2019-08-01,Por medio del cual se autoriza al alcalde mayor de cartagena de indias dt y c para ceder a titulo gratuito el dominio de predios fiscales ocupados con viviendas de interes social antes del 30 de noviembre de 2001 de conformidad con el articulo 2 de la ley 1001 de 2005 y se dictan otras disposiciones,7,Cesion de predios o bienes,Pedrito Pereira,Rafael Meza Perez,Derogado,Derogado por el acuerdo 195 de 2025
2019,AD-006-2019,2019-09-18,Por medio del cual se crea la casa museo alejandro obregon para preservar y difundir el legado artistico plastico del maestro alejandro obregon pintor y escultor colomboespañol para algunos denominado padre del arte moderno en colombia y del movimiento del expresionismo grafico,3,"Artes, patrimonio y cultura",Pedrito Pereira,Rafael Meza Perez,Vigente,No aplica
2019,AD-007-2019,2019-09-23,Por medio del cual se autoriza al alcalde mayor de cartagena de indias para enajenar las cuotas partes que el distrito turistico y cultural de cartagena de indias posee en los bienes inmuebles con matricula inmobiliaria nos 06032920 у 06080777,2,gestion de bienes y patrimonio,Pedrito Pereira,Rafael Meza Perez,Derogado,Derogado por el acuerdo 195 de 2025
2019,AD-008-2019,2019-09-23,Por medio del cual se autoriza al alcalde del distrito de cartagena la celebracion de un contrato de comodato de uso con la arquidiocesis de cartagena,5,Gestion contractual,Pedrito Pereira,Rafael Meza Perez,Derogado,Derogado por el acuerdo 195 de 2025
2019,AD-009-2019,2019-09-23,Por medio del cual se modifica el acuerdo 020 del 2006 y se establece el sistema distrital de discapacidad e inclusion socialsdd en el distrito turistico y cultural de cartagena de indias,26,inclusion social,Pedrito Pereira,Rafael Meza Perez,Vigente,No aplica
2019,AD-010-2019,2019-10-07,Por medio del cual se conforma la comision de concertacion y decision del sistema distrital de juventudes para la planeacion concertacion de agendas publicas y generacion de los mecanismos de ejecucion de las mismas en el distrito de cartagena de indias,8,inclusion social,Edgar Marin Tamara,Rafael Meza Perez,Vigente,No aplica
2019,AD-011-2019,2019-10-08,Por el cual actualiza la politica publica cartageneras en pleno goce de nuestros derechos para la igualdad de genero de las mujeres del area urbana corregimientos y territorio insular del distrito de cartagena de indias,12,inclusion social,Edgar Marin Tamara,Rafael Meza Perez,Vigente,No aplica
2019,AD-012-2019,2019-10-16,Por medio del cual se autoriza al alcalde mayor de cartagena de indias dt y c para ceder a titulo gratuito el dominio de predios fiscales ocupados con viviendas de interes social antes del 30 de noviembre de 2001 de conformidad con el articulo 2 de la ley 1001 de 2005 y se dictan otras disposiciones,7,Cesion de predios o bienes,Pedrito Pereira,Rafael Meza Perez,Derogado,Derogado por el acuerdo 195 de 2025
2019,AD-013-2019,2019-10-18,Por medio del cual se modifica y adiciona el acuerdo 041 de 2006 y se dictan otras disposiciones en materia tributaria,31,Finanzas Publicas,Pedrito Pereira,Rafael Meza Perez,Derogado,Derogado por el acuerdo 195 de 2025
2019,AD-014-2019,2019-11-14,Por medio del cual se autoriza al alcalde distrital de cartagena de indias para la compra del terreno para la reubicacion de las familias indigenas del cabildo indigena zeno de membrillal caizem,5,gestion de bienes y patrimonio,Pedrito Pereira,Rafael Meza Perez,Derogado,Derogado por el acuerdo 195 de 2025
2019,AD-015-2019,2019-11-13,Por medio del cual se destina un porcentaje de la contraprestacion portuaria del distrito de cartagena de indias para la financiacion del macroproyecto para la restauracion de ecosistemas degradados del canal del dique se otorgan autorizaciones y se dictan otras disposiciones,4,Finanzas Publicas,Pedrito Pereira,Rafael Meza Perez,Vigente,No aplica
2019,AD-016-2019,2019-10-08,Por medio el cual se institucionaliza la realizacion de las cabalgatas de la virgen de la candelaria y de las velitas en honor a la sagrada inmaculada concepcion en el distrito de cartagena y se dictan otras disposiciones,3,"Artes, patrimonio y cultura",Edgar Marin Tamara,Cesar Pion Gonzales,Vigente,No aplica
2019,AD-018-2019,2019-12-23,Por el cual se aprueba el presupuesto de rentas recursos de capital y recursos de fondos especiales las apropiaciones de funcionamiento y de servicio de la deuda asi como el plan de inversiones para la vigencia fiscal del 1 de enero al 31 de diciembre de 2020 en el distrito turistico y cultural de cartagena de indias,116,Finanzas Publicas,Pedrito Pereira,Rafael Meza Perez,Derogado,Derogado por el acuerdo 195 de 2025
2019,AD-019-2019,2019-12-27,Por medio del cual se modifica el acuerdo 021 de 2016,2,Planeacion y politicas publicas,Pedrito Pereira,Rafael Meza Perez,Vigente,No aplica
2019,AD-020-2019,2019-12-27,Por el cual se autoriza al alcalde mayor de cartagena a celebrar un otrosi al contrato no 91333889 de octubre 27 de 1998 celebrado entre la union temporal ingenieria suministros y montajes ism sa electroconstrucciones ltda hoy ecosodio sa electro construcciones ltda y se dictan otras disposiciones,4,Gestion contractual,Pedrito Pereira,Rafael Meza Perez,Derogado,Derogado por el acuerdo 195 de 2025
2019,AD-021-2019,2019-12-27,Por medio del cual se faculta al alcalde mayor de cartagena de indias para que adopte la politica publica cuyo objeto es establecer los lineamientos para promover entornos escolares alimentarios saludables desde un enfoque de realizacion del derecho humano a la alimentacion y nutricion adecuada dhana de niñas niños y adolescentes nna,5,Planeacion y politicas publicas,Pedrito Pereira,Rafael Meza Perez,Derogado,Derogado por el acuerdo 195 de 2025
2019,AD-022-2019,2019-12-30,Por el cual se modifica el acuerdo 041 de 2006 en materia de alumbrado publico y se dictan otras disposiciones,6,Servicios publicos,Pedrito Pereira,Rafael Meza Perez,Derogado,Derogado por el acuerdo 195 de 2025
2019,AD-023-2019,2019-12-30,Por medio del cual se crea el observatorio de la familia en el distrito de cartagena de indias d t y c,7,Gestion administrativa,Pedrito Pereira,Rafael Meza Perez,Vigente,No aplica
2019,AD-024-2019,2019-12-30,Por medio del cual se crea el consejo de paz reconciliacion convivencia y derechos humanos de cartagena dt y cy se dictan otras disposiciones,12,"Convivencia, Derechos Humanos y Paz",Pedrito Pereira,Rafael Meza Perez,Derogado,Derogado por el acuerdo 195 de 2025
2019,AD-025-2019,2019-12-31,Por medio del cual se realiza una incorporacion en el presupuesto de rentas recursos de capital y recursos de fondos especiales; las apropiaciones de funcionamiento y de servicio de la deuda asi como el plan de inversiones para la vigencia fiscal del 1 de enero al 31 de diciembre de 2019 en el distrito turistico y cultural de cartagena de indias y se dictan otras disposiciones,6,Finanzas Publicas,Pedrito Pereira,Rafael Meza Perez,Derogado,Derogado por el acuerdo 195 de 2025
2020,AD-026-2020,2020-04-17,Por medio del cual se establecen beneficios de reduccion en las tasas de intereses moratorios aplicables a las deudas tributarias de las vigencias 2019 y anteriores y se dictan otras disposiciones en materia tributaria,5,Beneficios tributarios,William Dau,David Caballero,Derogado,Derogado por el acuerdo 195 de 2025
2020,AD-027-2020,2020-06-12,Por medio del cual se adopta el plan de desarrollo del distrito turistico y cultural de cartagena de indias 20202023 salvemos juntos a cartagena por una cartagena libre y resiliente,38,Plan de Desarrollo,William Dau,David Caballero,Vigente,No aplica
2020,AD-028-2020,2020-07-01,Por medio del cual se realiza una incorporacion en el presupuesto de rentas recursos de capital y recursos de fondos especiales: las apropiaciones de funcionamiento y de servicio de la deuda asi como el plan de inversiones para la vigencia fiscal del 1 de enero al 31 de diciembre de 2020 en el distrito turistico y cultural de cartagena de indias y se dictan otras disposiciones,5,Finanzas Publicas,William Dau,David Caballero,Derogado,Derogado por el acuerdo 195 de 2025
2020,AD-029-2020,2020-07-10,Por medio del cual be crea la comision legal para la equidad de la mujer en el concejo distrital de cartagena de indias y se dictan otras disposiciones,9,inclusion social,William Dau,David Caballero,Vigente,No aplica
2020,AD-030-2020,2020-08-06,Por medio del cual se establece el plan de saneamiento fiscal parcial del distrito de cartagena en lo correspondiente a cuentas por pagar del nivel central de la alcaldia mayor del distrito de cartagena de indias deficit parcial del ider y del datt y se establecen otras disposiciones,2,Finanzas Publicas,William Dau,David Caballero,Vigente,No aplica
2020,AD-031-2020,2020-09-23,Por medio del cual se realiza una incorporacion en el presupuesto de rentas recursos de capital y recursos de fondos especiales las apropiaciones de funcionamiento y de servicio de la deuda asi como el plan de inversiones para la vigencia fiscal del 1 de enero al 31 de diciembre de 2020 en el distrito turistico y cultural de cartagena de indias y se dictan otras disposiciones,6,Finanzas Publicas,William Dau,David Caballero,Derogado,Derogado por el acuerdo 195 de 2025
2020,AD-032-2020,2020-11-05,Por medio del cual se realiza una incorporacion en el presupuesto de rentas recursos de capital y recursos de fondos especiales las apropiaciones de funcionamiento y de servicio de la deuda asi como el plan de inversiones para la vigencia fiscal del 1 de enero al 31 de diciembre de 2020 en el distrito turistico y cultural de cartagena de indias y se dictan otras disposiciones,5,Finanzas Publicas,William Dau,David Caballero,Derogado,Derogado por el acuerdo 195 de 2025
2020,AD-033-2020,2020-11-18,Mediante el cual se reglamenta la entrega de subsidios funerarios a personas en condicion de extrema pobreza y vulnerabilidad social en la ciudad de cartagena,10,Politica Social,William Dau,David Caballero,Vigente,No aplica
2020,AD-034-2020,2020-11-25,Por medio del cual se reglamenta la ley 2023 de 2020 por medio de la cual se crea la tasa pro deporte y recreacion y se dictan otras disposiciones,12,deporte y recreacion,William Dau,David Caballero,Derogado,Derogado por el acuerdo 195 de 2025
2020,AD-036-2020,2020-12-18,Por medio del cual se adopta la politica publica para habitante de calle del distrito de cartagena 2020 2023,6,Politica Social,William Dau,David Caballero,Vigente,No aplica
2020,AD-037-2020,2020-12-18,Mediante el cual se crea la comision interinstitucional y ciudadana para la reactivacion economica de cartagena,5,Economia,William Dau,David Caballero,Vigente,No aplica
2020,AD-038-2020,2020-12-18,Por medio del cual se conforma la mesa tecnica distrital de la calidad del aire y ruido urbano de cartagena de indias,10,Ambiente,William Dau,David Caballero,Vigente,No aplica
2020,AD-039-2020,2020-12-18,Por el cual se sustituye y regula el consumo de los plasticos de un solo ubo en las entidades publicas del nivel central y descentralizado del distrito turistico υ cultural de cartagena de indias,6,Ambiente,William Dau,David Caballero,Vigente,No aplica
2020,AD-040-2020,2020-12-18,Por medio del cual se adopta una politica publica que el distrito de cartagena de indias implemente planes acciones y programas para que junto con la ciudadania y la iniciativa privada para la intervencion de los caños y canales de cartagena y sus entornos,4,infraestructura y obras publicas,William Dau,David Caballero,Vigente,No aplica
2020,AD-041-2020,2020-12-18,Por el cual se autoriza al alcalde mayor de cartagena de indias para transferir a titulo gratuito al fondo de vivienda de interes social y reforma urbana distrital corvivienda con destino a proyectos de vivienda de interes prioritario y social un bien fiscal de propiedad del distrito turistico y cultural de cartageba de indias que no se requiere para sus fines misionales y se dictan otras disposiciones,4,Cesion de predios o bienes,William Dau,David Caballero,Vigente,No aplica
2020,AD-042-2020,2020-12-18,Por medio del cual se institucionaliza el ejercicio de la accion voluntaria en el distrito de cartagena de indias y se dictan otras disposiciones,13,Participacion,William Dau,David Caballero,Vigente,No aplica
2020,AD-043-2020,2020-12-18,Por medio del cual se designa la cancha sintetica del barrio chile con el nombre de domingo puello ripoll y se dictan otras disposiciones,3,gestion de bienes y patrimonio,William Dau,David Caballero,Vigente,No aplica
2020,AD-044-2020,2020-12-18,"Por el cual se aprueba el presupuesto de renta, recurso de capital y recursos de fondos especiales las apropiaciones de funcionamiento y de servicio de la deuda asi como el plan de inversiones con enfoque de genero para la vigencia fiscal del 1 de enero al 31 de diciembre de 2021 en el distrito turistico y cultural de cartagena de indias",115,Finanzas Publicas,William Dau,David Caballero,Derogado,Derogado por el acuerdo 195 de 2025
2020,AD-045-2020,2020-12-18,Por el cual se fija la nueva estructura organizacional planta de cargos y escala salarial de la contraloria distrital de cartagena de indias d t y c,6,Organos de control,William Dau,David Caballero,Vigente,No aplica
2020,AD-046-2020,2020-12-23,Por medio del cual se realiza un traslado presupuestal entre unidades ejecutoras en el presupuesto distrital de rentas recursos de capital y recursos de fondo especiales; las apropiaciones de funcionamiento y de servicio de la deuda asi como el plan de inversiones para la vigencia fiscal del 1 de enero al 31 de diciembre de 2020 en el distrito turistico y cultural de cartagena de indias y se dictan otras disposiciones,5,Finanzas Publicas,William Dau,David Caballero,Derogado,Derogado por el acuerdo 195 de 2025
2020,AD-047-2020,2020-12-30,Por medio del cual se adopta la politica publica de salud mental en el distrito de cartagena de indias y se dictan otras disposiciones,6,Salud,William Dau,David Caballero,Vigente,No aplica
2020,AD-048-2020,2020-12-30,Por medio del cual se reglamenta la contratacion de mano de obra local para la ejecucion de proyectos de exploracion y produccion de hidrocarburos en el distrito turistico y cultural de cartagena de indias y se dictan otras disposiciones,10,Trabajo,William Dau,David Caballero,Vigente,No aplica
2020,AD-049-2020,2020-12-30,Por medio del cual se realiza una incorporacion en el presupuesto de rentas recursos de capital y recursos de fondos especiales las apropiaciones de funcionamiento y de servicio de la deuda asi como el plan de inversiones para la vigencia fiscal del 1 de enero al 31 de diciembre de 2020 en el distrito turistico y cultural de cartagera de indias y se dictan otras disposiciones,5,Finanzas Publicas,William Dau,David Caballero,Derogado,Derogado por el acuerdo 195 de 2025
2020,AD-050-2020,2020-12-30,Por el cual se modifica el articulo tercero del acuerdo 009 de 2011 que fija la escala de remuneracion que conforman el nivel directivo de la planta global de la alcaldia mayor de cartagena de indias d t y c y sus entes descentralizados y se dictan otras disposiciones,4,Gestion administrativa,William Dau,David Caballero,Vigente,No aplica
2020,AD-051-2020,2020-12-30,Mediante el cual se modifica parcialmente el acuerdo 017 de 2019 que modifico el articulo & del acuerdo 020 de 2016 que establecio el sistema de seguridad salvamento y rescate nautico y maritimo en el distrito de cartagena y se dictan otras disposiciones,4,Gestion de riesgos y emergencias,William Dau,David Caballero,Vigente,No aplica
2021,AD-052-2021,2021-01-05,Por medio del cual se adopta la ley 1784 de 2016 o ley de sitio de cartagena de indias en el distrito turistico y cultural de cartagena de indias y se dictan otras disposiciones,9,"Artes, patrimonio y cultura",William Dau,David Caballero,Vigente,No aplica
2021,AD-054-2021,2021-05-11,Por medio del cual se realiza una incorporacion y unos traslados entre unidades ejecutoras en el presupuesto de rentas recursos de capital y recursos de fondos especiales las apropiaciones de funcionamiento y de servicio de la deuda asi como el plan de inversiones con enfoque de genero para la vigencia fiscal del 1 de enero al 31 de diciembre de 2021 en el distrito turistico y cultural de cartagena de indias y se dictan otras disposiciones,8,Finanzas Publicas,William Dau,Wilson Ernesto Toncel,Derogado,Derogado por el acuerdo 195 de 2025
2021,AD-055-2021,2021-05-14,Por medio del cual se le da prioridad al uso de la bicicleta y se institucionaliza la semana de la bicicleta la nota es en bici en el distrito de cartagena y se dictan otras disposiciones,11,movilidad,William Dau,Wilson Ernesto Toncel,Vigente,No aplica
2021,AD-056-2021,2021-05-14,Por el cual se autoriza a la administracion distrital el cobro de la tasa por el estacionamiento sobre las vias publicas y se establece el sistema de estacionamiento regulado en las vias publicas del distrito de cartagena de indias,10,movilidad,William Dau,Wilson Ernesto Toncel,Vigente,No aplica
2021,AD-057-2021,2021-06-04,Por medio del cual se denomina la plaza judith porto de gonzalez a la plaza ubicada en la calle baloco al frente de la casa de la cultura y se dictan otras disposiciones,3,gestion de bienes y patrimonio,David Munera,Wilson Ernesto Toncel,Vigente,No aplica
2021,AD-058-2021,2021-06-04,Por el cual se establece el procedimiento a traves del cual el concejo distrital de cartagena de indias le hara control politico al tramite de las asociaciones publico privada que pretenda suscribir el distrito de cartagena de indias,2,Reglamento concejo,David Munera,Wilson Ernesto Toncel,Vigente,No aplica
2021,AD-059-2021,2021-06-29,Por el cual se crea el fondo de educacion para el trabajo y el desarrollo humano en el distrito de cartagena de indias y se dictan otras disposiciones,9,Educacion,William Dau,Wilson Ernesto Toncel,Vigente,No aplica
2021,AD-060-2021,2021-06-29,Por medio del cual modifica el acuerdo 0014 del 14 de noviembre de 2019 for medio del cual se autoriza al alcalde distrital de cartagena de indias para la compra del terreno para la reubicacion de las familias indigenas del cabildo indigena zenu de membrillalcaizem,3,gestion de bienes y patrimonio,William Dau,Wilson Ernesto Toncel,Derogado,Derogado por el acuerdo 195 de 2025
2021,AD-061-2021,2021-07-06,Por medio del cual se exalta de manera postuma la memoria de un ciudadano cartagenero y por tanto be designa su nombre al estadio de beisbol del barrio los caracoles con el nombre estadio de beisbol nelson blanco torres,2,gestion de bienes y patrimonio,William Dau,Wilson Ernesto Toncel,Vigente,No aplica
2021,AD-062-2021,2021-07-01,Por medio del cual se implementan en el distrito turistico y cultural de cartagena de indias acciones para estimular el ingreso de deportistas a instituciones de educacion superior,5,deporte y recreacion,William Dau,Wilson Ernesto Toncel,Vigente,No aplica
2021,AD-063-2021,2021-07-21,Por medio del cual se realiza un traslado presupuestal entre unidades ejecutoras en el presupuesto de rentas recursos de capital y recursos de fondos especiales las apropiaciones de funcionamiento y de servicio de la deuda asi como el plan de inversiones con enfoque de genero para la vigencia fiscal del 1 de enero al 31 de diciembre de 2021 en el distrito turistico y cultural de cartagena de indias y se dictan otras disposiciones,5,Finanzas Publicas,William Dau,Wilson Ernesto Toncel,Derogado,Derogado por el acuerdo 195 de 2025
2021,AD-064-2021,2021-07-21,Por el cual se implementa la arborizacion en el distrito turistico y cultural de cartagena de indias en las instituciones educativas del distrito se definen responsabilidades del establecimiento publico ambiental epa y la secretaria de educacion y se dictan otras disposiciones,10,Ambiente,William Dau,Wilson Ernesto Toncel,Vigente,No aplica
2021,AD-065-2021,2021-08-06,Por medio del cual se realiza un traslado presupuestal entre unidades ejecutoras en el presupuesto de rentas recursos de capital y recursos de fondos especiales; las apropiaciones de funcionamiento y de servicio de la deuda asi como el plan de inversiones con enfoque de gênero para la vigencia fiscal del 1 de enero al 31 de diciembre de 2021 en el distrito turistico y cultural de cartagena de indias y se dictan otras disposiciones,5,Finanzas Publicas,William Dau,Wilson Ernesto Toncel,Derogado,Derogado por el acuerdo 195 de 2025
2021,AD-066-2021,2021-08-13,Por medio del cual se crea el fondo territorial de seguridad y convivencia ciudadana fonset en el distrito de cartagena y se dictan otras disposiciones,12,Seguridad,William Dau,Wilson Ernesto Toncel,Vigente,No aplica
2021,AD-067-2021,2021-08-13,Por el se modifican los acuerdos nos 024 de 2019 y 035 de 2020 y se adopta una politica publica para la paz y se institucionaliza el comite para el dialogo social en el distrito de cartagena de indias,13,Participacion,William Dau,Wilson Ernesto Toncel,Vigente,No aplica
2021,AD-068-2021,2021-09-24,Por medio del cual se establece el plan de saneamiento fiscal y financiero parcial vigencia 2021 del distrito de cartagena indias y se establecen otras disposiciones,2,Finanzas Publicas,William Dau,Wilson Ernesto Toncel,Derogado,Derogado por el acuerdo 195 de 2025
2021,AD-069-2021,2021-10-04,Por medio del cual se adopta el regimen simple de tributacion para el pago del impuesto de industria y comercio consolidado en el distrito de cartagena de indias dt y c cortemplado en la ley 2010 del 27 de diciembre de 2019,9,Finanzas Publicas,Luis Roa Merchan,Wilson Ernesto Toncel,Derogado,Derogado por el acuerdo 195 de 2025
2021,AD-070-2021,2021-10-04,Por medio del cual se establecer beneficios de reduccion en las tabas de interes moratorios aplicables a las deudas tributarias de las obligaciones con plazos vencidos de las vigencias fiscales 2021 y anteriores se reducen sanciones aplicables a los empiesto distritales se dictan otras disposiciones,5,Beneficios tributarios,Luis Roa Merchan,Wilson Ernesto Toncel,Derogado,Derogado por el acuerdo 195 de 2025
2021,AD-071-2021,2021-10-04,Por medio del cual se modifican los articulo 161 162 y 164 del acuerdo 041 de 2006 estatuto tributario distrital en relacion a la sobretasa a la gasolina motor y se dictan otras disposiciones,2,Finanzas Publicas,Luis Roa Merchan,Wilson Ernesto Toncel,Derogado,Derogado por el acuerdo 195 de 2025
2021,AD-072-2021,2021-10-04,"Por medio del cual se realiza una incorporaciòn y un traslado entre unidades ejecutoras en el presupuesto de rentas, recursos de capital y recursos de fondos especiales; las apropiaciones de funcionamiento y de servicio de la deuda, así como el plan de inversiones con enfoque de genero para la vigencia fiscal del 1 de enero al 31 de diciembre de 2021 en el distrito turistico y cultural de cartagena de indias y se dictan otras disposiciones",7,Finanzas Publicas,Luis Roa Merchan,Wilson Ernesto Toncel,Derogado,Derogado por el acuerdo 195 de 2025
2021,AD-073-2021,2021-11-02,Por medio del cual se realiza un traslado entre unidades ejecutoras en el presupuesto de rentas recursos de capital y recursos de fondos especiales la apropiaciones de funcionamiento y de servicio de la deuda asi como el plan de inversiones con enfoque de genero para la vigencia fiscal del 1 de enero al 31 de diciembre de 2021 en el distrito turistico y cultural de cartagena de indias y se dictan otras disposiciones,7,Finanzas Publicas,William Dau,Wilson Ernesto Toncel,Derogado,Derogado por el acuerdo 195 de 2025
2021,AD-074-2021,2021-11-09,Por medio del cual se autoriza la asuncion de compromisos de vigencias futuras ordinarias con cargo al presupuesto de la vigencia fiscal 20212023 у 2023 y se dictan otras disposiciones,10,Vigencias futuras,William Dau,Wilson Ernesto Toncel,Derogado,Derogado por el acuerdo 195 de 2025
2021,AD-075-2021,2021-11-10,Proyecto de acuerdo por medio del cual se realiza una incorporacion y un traslado en el presupuesto de rentar recursos de capital y recursos de fondos especiales las apropiaciones de funcionamiento y de servicio de la deuda asi como el plan de inversiones con enfoque de genero para la vigencia fiscal del 1 de enero al 31 de diciembre de 2021 en el distrito turistico y cultural de cartagena de indias y se dictan otras disposiciones,7,Finanzas Publicas,William Dau,Wilson Ernesto Toncel,Derogado,Derogado por el acuerdo 195 de 2025
2021,AD-076-2021,2021-11-30,Por el cual se establece la realizacion de la feria popular del libro el las tres localidades de cartagena de indias,6,"Artes, patrimonio y cultura",William Dau,Wilson Ernesto Toncel,Vigente,No aplica
2021,AD-077-2021,2021-11-30,Por medio del cual se establece el plan de saneamiento fiscal y financiero parcial vigencia 2021 del distrito de cartagena indias y se establecen otras disposiciones,2,Finanzas Publicas,William Dau,Wilson Ernesto Toncel,Derogado,Derogado por el acuerdo 195 de 2025
2021,AD-078-2021,2021-12-02,Mediante el cual se modifica el nombre del estadios de diciembre de pasacaballos para denominarlo estadio radhames ramos sartanaria como forma de exaltar de manera postuma la memoria del ciudadano radhames ramos santamaria,2,gestion de bienes y patrimonio,William Dau,Wilson Ernesto Toncel,Vigente,No aplica
2021,AD-079-2021,2021-12-02,Por medio del cual se deroga acuerdo no 024 de 1994 y el articulo 11 del acuerdo no 009 de julio 26 de 2011,4,Gestion administrativa,William Dau,Wilson Ernesto Toncel,Vigente,No aplica
2021,AD-080-2021,2021-12-02,Por medio del cual se crea la comision de transito y participacion ciudadana en la ciudad de cartagena de indias ctpc,9,movilidad,William Dau,Wilson Ernesto Toncel,Vigente,No aplica
2021,AD-081-2021,2021-12-07,Por medio del cual institucionalizan en el distrito de cartagena de indias las practicas del parto humanizado y se dictan otras disposiciones,12,"Artes, patrimonio y cultura",William Dau,Wilson Ernesto Toncel,Vigente,No aplica
2021,AD-082-2021,2021-12-07,Por la cual se establece la catedra de historia de cartagena de indias en las instituciones educativas del distrito de cartagena y se dictan otras disposiciones,7,"Artes, patrimonio y cultura",William Dau,Wilson Ernesto Toncel,Vigente,No aplica
2021,AD-083-2021,2021-12-16,Por el cual se establece el presupuesto de rentas recursos de capital recursos de fondos especiales y establecimientos publicos asi como los gastos de funcionamiento servicio de la deuda e inversiones para la vigencia fiscal del primero 1 de enero al treinta y uno 31 de diciembre de dos mil veintidos 2022 del distrito turistico y cultural de cartagena de indias y se dictan otras disposiciones,117,Finanzas Publicas,David Munera,Wilson Ernesto Toncel,Derogado,Derogado por el acuerdo 195 de 2025
2021,AD-084-2021,2021-12-20,Por el cual se fomenta el desarrollo socioeconomico y cultural a traves de la estrategia cartagena biosegura y provechosa 24 horas,4,Economia,William Dau,Wilson Ernesto Toncel,Vigente,No aplica
2021,AD-085-2021,2021-12-24,Por medio del cual se autoriza la asuncion de compromisos de vigencias futuras ordinarias con cargo al presupuesto de la vigencia fiscal 20212022 y se dictan otras disposiciones,6,Vigencias futuras,William Dau,Wilson Ernesto Toncel,Derogado,Derogado por el acuerdo 195 de 2025
2021,AD-086-2021,2021-12-27,Por el cual se establecen los factores de subsidio para los estratos 1 2 3 y los factores de aporte solidario para los estratos 5 6 industrial y comercial en los servicios de acueducto alcantarillado y aseo para el distrito de cartagena de indias d t y c,4,Servicios publicos,William Dau,Wilson Ernesto Toncel,Vigente,No aplica
2021,AD-087-2021,2021-12-27,Por el cual se modifica el acuerdo 003 de abril 23 de 2007 y se adiciona el dia primero de noviembe de cada año como el dia de la alimentacion de niños niñas y adolescentes en el distrito,7,Politica Social,William Dau,Wilson Ernesto Toncel,Vigente,No aplica
2021,AD-088-2021,2021-12-27,Por medio del cual se crea el consejo de paz reconciliacion convivencia y derechos humanos de cartagena d t y c y se dictan otras disposiciones,12,"Convivencia, Derechos Humanos y Paz",William Dau,Wilson Ernesto Toncel,Vigente,No aplica
2021,AD-089-2021,2021-12-16,Por medio del cual se adopta una politica publica que promueve el uso eficiente del plastico a traves de la gestion integral de la cadena productiva el fortalecimiento a los recicladores de la ciudad de este material se crea el programa de fortalecimiento al reciclaje y el aprovechamiento del plastico en el distrito de cartagena y se dictan otras disposiciones,6,Ambiente,David Munera,Wilson Ernesto Toncel,Vigente,No aplica
2022,AD-090-2022,2022-06-03,Por medio del cual se realiza una incorporacion presupuesto de rentas recursos de capital recursos de fondos especiales y establecimientos publicos asi como los gastos de funcionamiento servicio de la deuda e inversiones para la vigencia fiscal del primero 1 de enero al treinta y uno 31 de diciembre de dos mil veintidos 2022 del distrito turistico y cultural de cartagena de indiasy se dictan otras disposiciones,5,Finanzas Publicas,William Dau,Gloria Estrada Benavides,Derogado,Derogado por el acuerdo 195 de 2025
2022,AD-091-2022,2022-07-11,Por medio del cual se realizan unos traslados entre unidades ejecutoras entre conceptos de gastos y una incorporacion en el presupuesto de rentas recursos de capital recursos de fondos especiales y establecimientos publicos asi como los gastos de funcionamiento servicio de la deuda e inversiones para la vigencia fiscal del primero 1 de enero al treinta y uno 31 de diciembre de dos mil veintidos 2022 del distrito turistico y cultural de cartagena de indias y se dictan otras disposiciones,9,Finanzas Publicas,William Dau,Gloria Estrada Benavides,Derogado,Derogado por el acuerdo 195 de 2025
2022,AD-092-2022,2022-07-18,Por medio del cual se expide el reglamento para garantizar la seguridad social en salud pension y riesgos laborales en beneficio de los ediles del distrito de cartagena de indias d t y c de conformidad con el articulo 60 de la ley 1617 de 2013 y en aplicacion del articulo 42 de la ley 1551 de 2012 modificado por la ley 2086 de 2021 y se dictan otras disposiciones,4,Gestion administrativa,William Dau,Gloria Estrada Benavides,Vigente,No aplica
2022,AD-093-2022,2022-07-27,Por medio del cual se celebra y se declara el dia 28 de octubre de cada año el dia del boxeo en el distrito turistico y cultural de cartagena de indias y se crea la orden civil al merito antonio cervantes reyes kid pambele en el grado gran oficial,7,deporte y recreacion,Carlos La Rota Garcia,Gloria Estrada Benavides,Vigente,No aplica
2022,AD-094-2022,2022-08-05,Por medio del cual se autoriza al alcalde mayor de cartagena para realizar operacion de credito publico como fuente de financiacion al programa de inversion del plan de desarrollo 2020 2023 salvemos juntos a cartagena por una cartagena libre y resiliente,8,Operaciones de credito,William Dau,Gloria Estrada Benavides,Derogado,Derogado por el acuerdo 195 de 2025
2022,AD-095-2022,2022-09-16,Proyecto de acuerdo por medio del cual se realizan unos traslados entre unidades ejecutoras entre conceptos de gastos y una incorporacion en el presupuesto de rentas recursos de capital recursos de fondos especiales y establecimientos publicos asi como los gastos de funcionamiento servicio de la deuda e inversiones para la vigencia fiscal del primero 1 de enero al treinta y uno 31 de diciembre de dos mil veintidos 2022 del distrito turistico y cultural de cartagena de indias y se dictan otras disposiciones,9,Finanzas Publicas,William Dau,Gloria Estrada Benavides,Derogado,Derogado por el acuerdo 195 de 2025
2022,AD-096-2022,2022-09-16,Proyecto de acuerdo por medio del cual se realiza una incorporacion en el presupuesto de rentas recursos de capital recursos de fondos especiales y establecimientos publicos asi como los gastos de funcionamiento servicio de la deuda e inversiones para la vigencia fiscal del primero 1 de enero al treinta y uno 31 de diciembre de dos mil veintidos 2022 del distrito turistico y cultural de cartagena de indias y se dictan otras disposiciones,5,Finanzas Publicas,William Dau,Gloria Estrada Benavides,Derogado,Derogado por el acuerdo 195 de 2025
2022,AD-097-2022,2022-09-16,Proyecto de acuerdo por medio del cual se destina un porcentaje del impuesto de sobretasa a la gasolina del distrito de cartagena de indias a favor de la sostenibilidad y fortalecimiento operacional del sistema integrado de transporte masivo de la ciudad de cartagena se otorgan autorizaciones y se dictan otras disposiciones,4,Finanzas Publicas,William Dau,Gloria Estrada Benavides,Vigente,No aplica
2022,AD-098-2022,2022-09-19,Proyecto de acuerdo por medio del cual se autoriza al alcalde de cartagena para realizar operaciones de credito publico como fuente de financiacion al programa de inversiones del plan de desarrollo salvemos juntos a cartagena 2020 2023,6,Operaciones de credito,Luis Alberto Villadiego,Gloria Estrada Benavides,Vigente,No aplica
2022,AD-099-2022,2022-11-03,Por medio del cual se establece el plan de saneamiento fiscal y financiero parcial vigencia 2022 del distrito de cartagena indias y se establecen otras disposiciones,2,Finanzas Publicas,William Dau,Gloria Estrada Benavides,Derogado,Derogado por el acuerdo 195 de 2025
2022,AD-100-2022,2022-11-03,Por medio del cual se establece de manera transitoria un beneficio de reduccion en la tasa de interes moratorio aplicable a las deudas tributarias multas de transito y se dictan otras disposiciones,3,Beneficios tributarios,William Dau,Gloria Estrada Benavides,Derogado,Derogado por el acuerdo 195 de 2025
2022,AD-101-2022,2022-12-01,Por medio del cual se autoriza al alcalde mayor de cartagena para la asuncion de compromisos de vigencias futuras excepcionales con cargo al presupuesto de las vigencias 2023 y 2024 y se dictan otras disposiciones,4,Vigencias futuras,Diana Villalba Vallejo,Gloria Estrada Benavides,Derogado,Derogado por el acuerdo 195 de 2025
2022,AD-102-2022,2022-12-01,Por el cual se constituye el comite distrital de ideas procelebracion de los 500 años de la fundacion de cartagena de indias y se dictan otras disposiciones,5,"Artes, patrimonio y cultura",Diana Villalba Vallejo,Gloria Estrada Benavides,Vigente,No aplica
2022,AD-103-2022,2022-12-05,Por medio del cual se realiza una incorporacion en el presupuesto de rentas recursos de capital recursos den fondos especiales y establecimientos publicos asi como los gastos de funcionamiento servicio de la deuda e inversiones para la vigencia fiscal del primero 1 de enero al treinta y uno 31 de diciembre de dos mil veintidos 2022 del distrito turistico y cultural de cartagena de indias y se dictan otras disposiciones,5,Finanzas Publicas,Diana Villalba Vallejo,Gloria Estrada Benavides,Derogado,Derogado por el acuerdo 195 de 2025
2022,AD-104-2022,2022-12-12,Por medio del cual se autoriza la asuncion de compromisos de vigencias futuras ordinarias con cargo al presupuesto de la vigencia fiscal 2022 2033,12,Vigencias futuras,William Dau,Gloria Estrada Benavides,Derogado,Derogado por el acuerdo 195 de 2025
2022,AD-105-2022,2022-12-14,Por medio del cual se realiza una incorporacion en el presupuesto de rentas recursos de capital recursos de fondos especiales y establecimientos publicos asi como los gastos de funcionamiento servicio de la deuda e inversiones para la vigencia fiscal del primero 1 de enero al treinta y uno 31 de diciembre de dos mil veintidos 2022 del distrito turistico y cultural de cartagena de indias y se dictan otras disposiciones,5,Finanzas Publicas,William Dau,Gloria Estrada Benavides,Derogado,Derogado por el acuerdo 195 de 2025
2022,AD-106-2022,2022-12-14,Por el cual se establece el presupuesto de rentas recursos de capital recursos de fondos especiales y establecimientos publicos asi como los gastos de funcionamiento servicio de la deuda e inversiones para la vigencia fiscal del primero 1 de enero al treinta y uno 31 de diciembre de dos mil veintitres 2023 del distrito turistico y cultural de cartagena de indias y se dictan otras disposiciones,119,Finanzas Publicas,William Dau,Gloria Estrada Benavides,Derogado,Derogado por el acuerdo 195 de 2025
2022,AD-107-2022,2022-12-14,Por el cual se compila y actualiza la normativa tributaria vigente incluyendo las modificaciones generadas por la aplicacion de nuevas normas nacionales que se deban aplicar a los tributos del distrito turistico y cultural de cartagena de indias y las generadas por acuerdos del orden distrital,463,Finanzas Publicas,William Dau,Gloria Estrada Benavides,Vigente,No aplica
2022,AD-108-2022,2022-12-14,Por el cual se promueve la implementacion de los derechos de los dignatarios de los organismos de accion comunal del distrito de cartagena y se establecen otras disposiciones,23,Participacion,William Dau,Gloria Estrada Benavides,Vigente,No aplica
2022,AD-109-2022,2022-12-14,Por medio del cual se crea y se desarrolla la ruta integral de emprendimiento para la mujer en el distrito de cartagena y se dictan otras disposiciones mujer emprendedora,13,mujer y equidad de genero,William Dau,Gloria Estrada Benavides,Vigente,No aplica
2022,AD-110-2022,2022-12-14,Por el cual se institucionaliza el dia 7 de julio de cada año el dia de la oracion por cartagena de indias distrito turistico y cultural,3,"Artes, patrimonio y cultura",William Dau,Gloria Estrada Benavides,Vigente,No aplica
2022,AD-111-2022,2022-12-14,por el cual se institucionaliza la casa de la mujer para las mujeres del distrito de cartagena de indias y se dictan otras disposiciones,8,mujer y equidad de genero,William Dau,Gloria Estrada Benavides,Vigente,No aplica
2022,AD-112-2022,2022-12-14,Por medio del cual se dictan los lineamientos para la adopcion de la politica publica integral de libertad religiosa y de cultos en el distrito de cartagena de indias 20232033 se ordena su formulacion y se dictan otras disposiciones,18,"Artes, patrimonio y cultura",William Dau,Gloria Estrada Benavides,Vigente,No aplica
2022,AD-113-2022,2022-12-22,Por medio del cual se institucionaliza el programa barullos de genero desde las escuelas y se señala el 11 de marzo como dia contra los actos intimidatorios de acoso abuso sexual y acceso carnal violento y todas las formas de violencia de genero en las instituciones educativas del distrito de cartagena de indias,8,Salud,William Dau,Gloria Estrada Benavides,Vigente,No aplica
2022,AD-114-2022,2022-12-27,Por medio del cual efectua una incorporacion en el presupuesto de rentas recursos de capital recursos de fondos especiales y establecimientos publicos asi como los gastos de funcionamiento servicio de la deuda e inversiones para la vigencia fiscal del primero 1 de enero al treinta y uno 31 de diciembre de dos mil veintidos 2022 del distrito turistico y cultural de cartagena de indias y se dictan otras disposiciones,5,Finanzas Publicas,William Dau,Gloria Estrada Benavides,Derogado,Derogado por el acuerdo 195 de 2025
2022,AD-115-2022,2022-12-27,Por medio del cual efectua una incorporacion en el presupuesto de rentas recursos de capital recursos de fondos especiales y establecimientos publicos asi como los gastos de funcionamiento servicio de la deuda e inversiones para la vigencia fiscal del primero 1 de enero al treinta y uno 31 de diciembre de dos mil veintidos 2022 del distrito turistico y cultural de cartagena de indias y se dictan otras disposiciones,5,Finanzas Publicas,William Dau,Gloria Estrada Benavides,Derogado,Derogado por el acuerdo 195 de 2025
2022,AD-116-2022,2022-12-27,Por medio del cual se realiza una incorporacion en el presupuesto de rentas recursos de capital recursos de fondos especiales y establecimientos publicos asi como los gastos de funcionamiento servicio de la deuda e inversiones para la vigencia fiscal del primero 1 de enero al treinta y uno 31 de diciembre de dos mil veintidos 2022 del distrito turistico y cultural de cartagena de indias y se dictan otras disposiciones,5,Finanzas Publicas,William Dau,Gloria Estrada Benavides,Derogado,Derogado por el acuerdo 195 de 2025
2023,AD-117-2023,2023-02-16,Por medio del cual se realiza una incorporacion en el presupuesto de rentas recursos de capital recursos de fondos especiales y establecimientos publicos asi como los gastos de funcionamiento servicio de la deuda e inversiones para la vigencia fiscal del primero 1 de enero al treinta y uno 31 de diciembre de dos mil veintitres 2023 del distrito turistico y cultural de cartagena de indias y se dictan otras disposiciones,5,Finanzas Publicas,William Dau,Lewis Montero Polo,Derogado,Derogado por el acuerdo 195 de 2025
2023,AD-118-2023,2023-02-16,Por medio del cual se realiza una incorporacion en el presupuesto de rentas recursos de capital recursos de fondos especiales y establecimientos publicos asi como los gastos de funcionamiento servicio de la deuda e inversiones para la vigencia fiscal del primero 1 de enero al treinta y uno 31 de diciembre de dos mil veintitres 2023 del distrito turistico y cultural de cartagena de indias y se dictan otras disposiciones,5,Finanzas Publicas,William Dau,Lewis Montero Polo,Derogado,Derogado por el acuerdo 195 de 2025
2023,AD-119-2023,2023-05-16,Por medio del cual se modifica el acuerdo 004 de 2019 a traves del cual se autorizo al alcalde mayor de cartagena de indias para realizar operaciones de credito publico como fuente de financiacion al programa de inversiones del plan de desarrollo primero la gente 20162019 para una cartagena sostenible y competitiva,2,Operaciones de credito,William Dau,Lewis Montero Polo,Vigente,No aplica
2023,AD-120-2023,2023-05-23,Por medio del cual se realiza una incorporacion en el presupuesto de rentas recursos de capital recursos de fondos especiales y establecimientos publicos asi como los gastos de funcionamiento servicio de la deuda e inversiones para la vigencia fiscal del primero 1 de enero al treinta y uno 31 de diciembre de dos mil veintitres 2023 del distrito turistico y cultural de cartagena de indias y se dictan otras disposiciones,2,Finanzas Publicas,William Dau,Lewis Montero Polo,Derogado,Derogado por el acuerdo 195 de 2025
2023,AD-121-2023,2023-05-23,Por medio del cual se adopta la estampilla para la justicia familiar creada mediante ley 2126 del 4 de agosto de 2021 y se dictan otras disposiciones,10,Finanzas Publicas,William Dau,Lewis Montero Polo,Vigente,No aplica
2023,AD-122-2023,2023-06-28,Por el cual se rediseña la estructura administrativa se determinan las funciones de sus dependencias se establece la planta de empleos la escala salarial para las distintas categorias de empleos y el manual especifico de funciones requisitos y competencias laborales de la personeria distrital de cartagena de indias y se dictan otras disposiciones,27,Gestion administrativa,William Dau,Lewis Montero Polo,Vigente,No aplica
2023,AD-123-2023,2023-07-05,Por medio del cual se establecen medidas para garantizar los derechos de los cuidadores familiares de personas con discapacidad y disfuncionalidad del distrito de cartagena y se dictan otras disposiciones,9,Politica Social,William Dau,Lewis Montero Polo,Vigente,No aplica
2023,AD-124-2023,2023-07-10,Por medio del cual se hace una exaltacion de manera postuma la memoria de un ciudadano cartagenero y por tanto se designa su nombre al estadio de softbol de bocagrande con el nombre estadio de softbol vicente celedonio gutierrez de piñeres morales en el d t y c de cartagena de indias,2,gestion de bienes y patrimonio,William Dau,Lewis Montero Polo,Vigente,No aplica
2023,AD-125-2023,2023-07-26,Por el cual se incentiva la celebracion del dia de la familia en cartagena de indias dt y c,3,"Artes, patrimonio y cultura",William Dau,Lewis Montero Polo,Vigente,No aplica
2023,AD-126-2023,2023-07-31,Por la cual se modifica el acuerdo 009 de 2011 en sentido de incluir unas categorias de empleos con su escala salarial para la planta de empleos de la alcaldia mayor de cartagena de indias y se dictan otras disposiciones,5,Gestion administrativa,William Dau,Lewis Montero Polo,Vigente,No aplica
2023,AD-127-2023,2023-08-08,Por medio del cual se efectua una incorporacion en el presupuesto de rentas recursos de capital recursos de fondos especiales y establecimientos publicos asi como los gastos de funcionamiento servicio de la deuda e inversiones para la vigencia fiscal del primero 1 de enero al treinta y uno 31 de diciembre de dos mil veintitres 2023 del distrito turistico y cultural de cartagena de indias y se dictan otras disposiciones,5,Finanzas Publicas,William Dau,Lewis Montero Polo,Derogado,Derogado por el acuerdo 195 de 2025
2023,AD-128-2023,2023-08-09,Por medio del cual se establece el plan de saneamiento fiscal y financiero parcial vigencia 2023 del distrito de cartagena indias y se establecen otras disposiciones,2,Finanzas Publicas,William Dau,Lewis Montero Polo,Derogado,Derogado por el acuerdo 195 de 2025
2023,AD-129-2023,2023-08-24,Por el cual se institucionaliza y se incorpora en la agenda cultural del ipcc el reinado juvenil de la zona insular de cartagena de indias,3,"Artes, patrimonio y cultura",William Dau,Lewis Montero Polo,Vigente,No aplica
2023,AD-130-2023,2023-09-01,Por medio del cual se autoriza al alcalde mayor de cartagena de indias para la compra del terreno cuya destinacion sera la reubicacion de las familias indigenas del cabido indigena zenu de membrillal caizem,6,gestion de bienes y patrimonio,William Dau,Lewis Montero Polo,Derogado,Derogado por el acuerdo 195 de 2025
2023,AD-131-2023,2023-10-20,Proyecto de acuerdo por medio del cual se realizan unos traslados entre unidades ejecutoras en el presupuesto de rentas recursos de capital recursos de fondos especiales y establecimientos publicos asi como los gastos de funcionamiento servicio de la deuda e inversiones para la vigencia fiscal del primero 1 de enero al treinta y uno 31 de diciembre de dos mil veintitres 2023 del distrito turistico y cultural de cartagena de indias y se dictan otras disposiciones,7,Finanzas Publicas,William Dau,Lewis Montero Polo,Derogado,Derogado por el acuerdo 195 de 2025
2023,AD-132-2023,2023-11-03,Por medio del cual se hace una exaltacion de manera postuma a la memoria de un ciudadano cartagenero y por tanto se designa su nombre al polideportivo de blas de lezo con el nombre de polideportivo ernesto jose redondo guerrero jiqui redondo en el d t y c de cartagena de indias,2,gestion de bienes y patrimonio,William Dau,Lewis Montero Polo,Vigente,No aplica
2023,AD-133-2023,2023-11-27,Por medio del cual se realiza una incorporacion en el presupuesto de rentas recursos de capital recursos de fondos especiales y establecimientos publicos asi como los gastos de funcionamiento servicio de la deuda e inversiones para la vigencia fiscal del primero 1 de enero al treinta y uno 31 de diciembre de dos mil veintitres 2023 del distrito turistico y cultural de cartagena de indias y se dictan otras disposiciones,5,Finanzas Publicas,William Dau,Lewis Montero Polo,Derogado,Derogado por el acuerdo 195 de 2025
2023,AD-134-2023,2023-12-12,Por el cual se establece el presupuesto de rentas recursos de capital recursos de fondos especiales y establecimientos publicos asi como los gastos de funcionamiento servicio de la deuda e inversiones para la vigencia fiscal del primero 1 de enero al treinta y uno 31 de diciembre de dos mil veinticuatro 2024 del distrito turistico y cultural de cartagena de indias y se dictan otras disposiciones,117,Finanzas Publicas,William Dau,Lewis Montero Polo,Derogado,Derogado por el acuerdo 195 de 2025
2023,AD-135-2023,2023-12-15,Por el cual se institucionaliza la media maraton del mar como un evento recreativo deportivo turistico en el distritito turistico y cultural de cartagena de indias,3,deporte y recreacion,William Dau,Lewis Montero Polo,Vigente,No aplica
2024,AD-136-2024,2024-02-26,Por el cual se conceden facultades extraordinarias y protempore al alcalde del distrito turistico y cultural de cartagena de indias para crear el instituto distrital de accion comunal de cartagena y del caribe idaccc y la secretaria de turismo en el distrito turistico y cultural de cartagena de indias y se dictan otras disposiciones,3,Gestion administrativa,Dumek Jose Turbay Paz,David Caballero,Vigente,No aplica
2024,AD-137-2024,2024-03-08,Por el cual se autoriza al alcalde mayor de cartagena de indias para realizar una operacion de credito publico como fuente de financiacion al proyecto de inversion construccion alcantarillado sanitario corregimientos de bayunca y pontezuela del distrito de cartagena de indias,4,Operaciones de credito,Dumek Jose Turbay Paz,David Caballero,Vigente,No aplica
2024,AD-138-2024,2024-03-08,Por medio del cual se realiza una incorporacion en el presupuesto de rentas recursos de capital recursos de fondos especiales y establecimientos publicos asi como los gastos de funcionamiento servicio de la deuda e inversiones para la vigencia fiscal del primero 1 de enero al treinta y uno 31 de diciembre de dos mil veinticuatro 2024 del distrito turistico y cultural de cartagena de indias y se dictan otras disposiciones,5,Finanzas Publicas,Dumek Jose Turbay Paz,David Caballero,Vigente,No aplica
2024,AD-139-2024,2024-05-29,Por el cual se adopta el plan distrital de desarrollo 2024 2027 cartagena ciudad de derechos,30,Plan de Desarrollo,Dumek Jose Turbay Paz,David Caballero,Vigente,No aplica
2024,AD-140-2024,2024-05-30,Por el cual se autoriza a la alcaldia mayor del distrito turistico y cultural de cartagena de indias la recepcion de bienes obras y o servicios para la vigencia fiscal 2025 y se dictan otras disposiciones,4,Vigencias futuras,Dumek Jose Turbay Paz,David Caballero,Vigente,No aplica
2024,AD-141-2024,2024-06-18,Por medio del cual se implementa un plan piloto de coches electricos con fines turisticos para el distrito de cartagena,6,Movilidad,Dumek Jose Turbay Paz,David Caballero,Vigente,No aplica
2024,AD-142-2024,2024-07-24,Por medio del cual se efectua una incorporacion en el presupuesto de rentas recursos de capital recursos de fondos especiales y establecimientos publicos asi como los gastos de funcionamiento servicio de la deuda e inversiones para la vigencia fiscal del primero 1 de enero al treinta y uno 31 de diciembre de dos mil veinticuatro 2024 del distrito turistico y cultural de cartagena de indias y se dictan otras disposiciones,6,Finanzas Publicas,Dumek Jose Turbay Paz,David Caballero,Vigente,No aplica
2024,AD-143-2024,2024-07-25,Por el cual se otorgan unos beneficios tributarios en el distrito turistico y cultural de cartagena de indias y se dictan otras disposiciones,37,Beneficios tributarios,Dumek Jose Turbay Paz,David Caballero,Vigente,No aplica
2024,AD-144-2024,2024-08-02,Por medio del cual se efectua un traslado entre unidades ejecutoras y una incorporacion en el presupuesto de rentas recursos de capital recursos de fondos especiales y establecimientos publicos asi como los gastos de funcionamiento servicio de la deuda e inversiones para la vigencia fiscal del primero 1 de enero al treinta y uno 31 de diciembre de dos mil veinticuatro 2024 del distrito turistico y cultural de cartagena de indias y se dictan otras disposiciones,8,Finanzas Publicas,Dumek Jose Turbay Paz,David Caballero,Vigente,No aplica
2024,AD-145-2024,2024-07-31,Por medio del cual se establecen los lineamientos para la creacion e implementacion de los denominados corredores seguros en entornos academicos protectores confiables y seguros para el distrito de cartagena y se dictan otras disposiciones,8,Seguridad,Dumek Jose Turbay Paz,David Caballero,Vigente,No aplica
2024,AD-146-2024,2024-08-05,Por medio del cual se autoriza al alcalde mayor de cartagena de indias para ceder a titulo gratuito bienes fiscales titulables ocupados ilegalmente en aplicacion del articulo 277 de la ley 1955 de 2019 y el decreto 1077 de 2015 se dictan otras disposiciones,8,Cesion de predios o bienes,Dumek Jose Turbay Paz,David Caballero,Vigente,No aplica
2024,AD-147-2024,2024-08-09,Por el cual se autoriza al alcalde mayor de cartagena de indias para realizar una operacion de credito publico como fuente de financiacion algunos proyectos de inversion del plan de desarrollo distrital y se dictan otras disposiciones,5,Operaciones de credito,Dumek Jose Turbay Paz,David Caballero,Vigente,No aplica
2024,AD-148-2024,2024-08-12,Por medio del cual se modifica el nombre del fondo educativo bicentenario de cartagena y los acuerdos 003 del 17 de mayo de 2013 y 024 del 10 de diciembre del 2014 y se dictan otras disposiciones,6,Educacion,Dumek Jose Turbay Paz,David Caballero,Vigente,No aplica
2024,AD-149-2024,2024-08-12,Por medio del cual se definen los lineamientos destinados a la creacion de una politica publica de plurilinguismo en las instituciones educativas publicas del distrito de cartagena,7,Educacion,Dumek Jose Turbay Paz,David Caballero,Vigente,No aplica
2024,AD-150-2024,2024-08-12,Por el cual se adopta el nuevo estatuto de la contribucion de valorizacion del distrito turistico y cultural de cartagena de indias,85,Finanzas Publicas,Dumek Jose Turbay Paz,David Caballero,Vigente,No aplica
2024,AD-151-2024,2024-09-27,Por el cual se otorga al alcalde mayor del distrito turistico y cultural de cartagena de indias autorizacion para comprometer vigencias futuras ordinarias con recepcion de bienes obras y o servicios para la vigencia fiscal 2025 y se dictan otras disposiciones,4,Vigencias futuras,Dumek Jose Turbay Paz,David Caballero,Vigente,No aplica
2024,AD-152-2024,2024-09-30,Por el cual se otorga al alcalde mayor del distrito turistico y cultural de cartagena de indias autorizacion para comprometer vigencias futuras ordinarias para garantizar la gestion catastral en el distrito de cartagena de indias con cargo a la vigencia fiscal 2025 2026 y 2027,7,Vigencias futuras,Dumek Jose Turbay Paz,David Caballero,Vigente,No aplica
2024,AD-153-2024,2024-09-30,Por el cual se otorga al alcalde mayor del distrito turistico y cultural de cartagena de indias autorizacion para comprometer vigencias futuras ordinarias con recepcion de bienes obras y o servicios derivados de la contratacion de las obras de rehabilitacion y mantenimiento del corredor de acceso rapido a la variante mamonal gambote en la ciudad de cartagena de indias y la construccion de embarcaderos en la zona insular del distrito de cartagena  para la vigencia fiscal 2025 y se dictan otras disposiciones,4,Vigencias futuras,Dumek Jose Turbay Paz,David Caballero,Vigente,No aplica
2024,AD-154-2024,2024-09-30,Por medio del cual se autoriza al alcalde mayor de cartagena de indias para la asuncion de compromisos de vigencias futuras excepcionales con cargo al presupuesto de las vigencias 2025 2026 2027 y se dictan otras disposiciones,8,Vigencias futuras,Dumek Jose Turbay Paz,David Caballero,Vigente,No aplica
2024,AD-155-2024,2024-10-31,Por el cual se establecen beneficios en la reducción de los intereses moratorios de las deudas por multas por infracciones a las normas de tránsito y la tasa por administración de la carpeta de vehículo derechos de tránsito y se dicen otras disposiciones,5,Beneficios tributarios,Dumek Jose Turbay Paz,David Caballero,Vigente,No aplica
2024,AD-156-2024,2024-11-05,"por medio del cual se efectua un traslado entre unidades ejecutoras y una incorporación en el presupuesto de rentas, recursos de capital recursos de fondos especiales y establecimientos publicos asi como los gastos de funcionamiento, servicio de la deuda e inversiones para la vigencia fiscal del primero 1 de enero al treinta y uno 31 de diciembre de dos mil veinticuatro 2024 del distrito turístico y cultural de cartagena de indias y se dictan otras disposiciones",8,Finanzas Publicas,Dumek Jose Turbay Paz,David Caballero,Vigente,No aplica
2024,AD-157-2024,2024-11-25,Por el cual se otorga al alcalde mayor del distrito turístico y cultural de cartagena de indias autorización para comprometer vigencias futuras ordinarias con recepción de bienes obras y/o servicios para la vigencia fiscal 2025 y se dictan otras disposiciones,4,Vigencias futuras,Dumek Jose Turbay Paz,David Caballero,Vigente,No aplica
2024,AD-158-2024,2024-12-09,Por medio del cual se modifican los acuerdos distritales 014 de 2018 y 053 de 2021 y se dictan otras disposiciones,3,Reglamento concejo,Dumek Jose Turbay Paz,David Caballero,Vigente,No aplica
2024,AD-159-2024,2024-12-09,Por medio del cual se amplia el sistema de educación posmedia del distrito de cartagena y se ordena la utilización de la infraestructura de las instituciones educativas oficiales publicas para aumentar la cobertura de educacion tecnica tecnóloga profesional y complementaria mediante el programa la u a tu localidad y se dictan otras disposiciones,7,Educacion,Dumek Jose Turbay Paz,David Caballero,Vigente,No aplica
2024,AD-160-2024,2024-12-11,Por el cual se modifica el acuerdo 147 del 09 de agosto de 2024 y se dictan otras disposiciones,2,Operaciones de credito,Dumek Jose Turbay Paz,David Caballero,Vigente,No aplica
2024,AD-161-2024,2024-12-11,Por el cual se crea y adopta el mecanismo de pago de impuestos distritales a traves de la ejecucion de obras y proyectos públicos en el distrito de cartagena y se dictan otras disposiciones,4,Finanzas Publicas,Dumek Jose Turbay Paz,David Caballero,Vigente,No aplica
2024,AD-162-2024,2024-12-11,Por el cual se otorga al alcalde mayor del distrito turistico y cultural de cartagena de indias autorizacion para adicionar el contrato de concesión val 02 06 construccion y mejoramiento de la vía transversal de baru,4,Gestion contractual,Dumek Jose Turbay Paz,David Caballero,Vigente,No aplica
2024,AD-163-2024,2024-12-11,Por medio del cual se efectua una incorporación en el presupuesto de rentas recursos de capital recursos de fondos especiales y establecimientos públicos asi como los gastos de funcionamiento servicio de la deuda e inversiones para la vigencia fiscal del primero 1 de enero al treinta y uno 31 de diciembre de dos mil veinticuatro 2024 del distrito turístico y cultural de cartagena de indias y se dictan otras disposiciones,6,Finanzas Publicas,Dumek Jose Turbay Paz,David Caballero,Vigente,No aplica
2024,AD-164-2024,2024-12-11,Por el cual se establecen beneficios para los veteranos de la fuerza publica residentes en la ciudad de cartagena de acuerdo con lo establecido en la ley 1979 de 2019 2019 y en el decreto 1345 de 2020,9,Politica Social,Dumek Jose Turbay Paz,David Caballero,Vigente,No aplica
2024,AD-165-2024,2024-12-11,Por el cual se otorga al alcalde mayor del distrito turistico y cultural de cartagena de indias autorizacion para comprometer vigencias futuras ordinarias con recepcion de bienes obras y/o servicios para la vigencia fiscal 2025 y se dictan otras disposiciones,5,Vigencias futuras,Dumek Jose Turbay Paz,David Caballero,Vigente,No aplica
2024,AD-166-2024,2024-12-11,"Por medio del cual se establecen medidas para la contratacion de jovenes, se implementa la ley 2214 de junio de 2022 y se crea el sistema publico de practicas en el distrito turistico y cultural de Cartagena de Indias",15,Trabajo,Dumek Jose Turbay Paz,David Caballero,Vigente,No aplica
2024,AD-167-2024,2024-12-11,"Por medio del cual se reconocen a los actores de la economia popular y solidaria, se crea la alianza publico popular como instrumento de reactivacion economica, se articulan los sistemas de informacion, y se dictan otras disposiciones",11,Economia,Dumek Jose Turbay Paz,David Caballero,Vigente,No aplica
2024,AD-168-2024,2024-12-11,"Por medio del cual se cambia el nombre de Plaza de Toros monumental de Cartagena por: Plaza de todos centro de eventos culturales, artisticos, deportivos, religiosos y otros de Cartagena de Indias, distrito turistico y cultural",1,Gestion de bienes y patrimonio,Dumek Jose Turbay Paz,David Caballero,Vigente,No aplica
2024,AD-169-2024,2024-12-11,Por el cual se establece el presupuesto de rentas recursos de capital recursos de fondos especiales y establecimientos publicos así como los gastos de funcionamiento servicio de la deuda e inversiones para la vigencia fiscal del primero 1 de enero al treinta y uno 31 de diciembre de dos mil veinticinco 2025 del distrito turístico y cultural de cartagena de indias y se dictan otras disposiciones,113,Finanzas Publicas,Dumek Jose Turbay Paz,David Caballero,Vigente,No aplica
2025,AD-170-2025,2025-03-03,Por el cual se delega en el alcalde mayor la potestad para legalizar urbanísticamente asentamientos humanos de origen informal en el distrito de cartagena y se dictan otras disposiciones,5,Gobernanza Urbana,Dumek Jose Turbay Paz,Rafael Meza Perez,Vigente,No aplica
2025,AD-171-2025,2025-03-03,"Por medio del cual se efectúa una incorporación y un traslado presupuestal entre unidades ejecutoras en el presupuesto de rentas, recursos de capital, recursos de fondos especiales y establecimientos públicos, así como los gastos de funcionamiento, servicio de la deuda e inversiones para la vigencia fiscal del primero (1) de enero al treinta y uno (31) de diciembre de dos mil veinticinco 2025, del distrito turístico y cultural de Cartagena de indias y se dictan otras disposiciones",8,Finanzas Publicas,Dumek Jose Turbay Paz,Rafael Meza Perez,Vigente,No aplica
2025,AD-172-2025,2025-03-07,Por el cual se otorga al alcalde mayor del distrito turistico y cultural de Cartagena de indias autorización para comprometer vigencias futuras ordinarias con recepción  de bienes y servicios y se dictan otras disposiciones,4,Finanzas Publicas,Dumek Jose Turbay Paz,Rafael Meza Perez,Vigente,No aplica
2025,AD-173-2025,2025-03-21,Por medio del cual se determinan motivos de utilidad pública sobre unos macroproyectos contemplados en el plan de desarrollo 2024-2027: Cartagena ciudad de derechos y se dictan otras disposiciones,7,Obras de infraestructura,Dumek Jose Turbay Paz,Rafael Meza Perez,Vigente,No aplica
2025,AD-174-2025,2025-05-06,"Por medio del cual se reglamenta la publicidad exterior visual en el distrito de Cartagena, y se dictan otras disposiciones",43,Gobernanza Urbana,Maria Patricia Porras Mendoza,Rafael Meza Perez,Vigente,No aplica
2025,AD-175-2025,2025-06-08,Por el cual se crea el permiso unificado de filmaciones audiovisuales en espacio público en el distrito de Cartagena y se dictan otras disposiciones,18,"Artes, patrimonio y cultura",Dumek Jose Turbay Paz,Rafael Meza Perez,Vigente,No aplica
2025,AD-176-2025,2025-05-08,"Por medio del cual se efectúa una incorporación en el presupuesto de rentas, recursos de capital, recursos de fondos especiales y establecimientos públicos, así como los gastos de funcionamiento, servicio de la deuda e inversiones para la vigencia fiscal del primero (1) de enero al treinta y uno (31) de diciembre de dos mil veinticinco 2025, del distrito turístico y cultural de Cartagena de indias y se dictan otras disposiciones",5,Finanzas Públicas,Dumek Jose Turbay Paz,Rafael Meza Perez,Vigente,No aplica
2025,AD-177-2025,2025-05-09,"Por medio del cual se define la distribución de los recursos por concepto de rendimientos financieros - ICLD, y se dictan otras disposiciones",4,Finanzas Públicas,Dumek Jose Turbay Paz,Rafael Meza Perez,Vigente,No aplica
2025,AD-178-2025,2025-05-09,"Por medio del cual se efectúa un traslado entre unidades ejecutoras en el presupuesto de rentas, recursos de capital, recursos de fondos especiales y establecimientos públicos, así como los gastos de funcionamiento, servicio de la deuda e inversiones para la vigencia fiscal del primero (1) de enero al treinta y uno (31) de diciembre de dos mil veinticinco 2025, del distrito turístico y cultural de Cartagena de indias y se dictan otras disposiciones",6,Finanzas Públicas,Dumek Jose Turbay Paz,Rafael Meza Perez,Vigente,No aplica
2025,AD-179-2025,2025-06-26,"Por medio del cual se efectua un traslado entre unidades ejecutoras en el presupuesto de rentas, recursos de capital, recursos de fondos especiales y establecimientos publicos, asi como los gastos de funcionamiento, servicio de la deuda e inversiones para la vigencia fiscal del primero (1) de enero al treinta y uno (31) de diciembre de dos mil veinticinco 2025, del distrito turístico y cultural de Cartagena de indias y se dictan otras disposiciones.",5,Finanzas Publicas,Dumek Jose Turbay Paz,Rafael Meza Perez,Vigente,No aplica
2025,AD-180-2025,2025-07-07,Por medio del cual se modifica el acuerdo distrital No. 139 de 2024: y se dictan otras disposiciones.,11,Plan de Desarrollo,Maria Patricia Porras Mendoza,Rafael Meza Perez,Vigente,No aplica
2025,AD-181-2025,2025-07-10,Por medio del cual se establece la distribución de los recursos con destinación específica del impuesto predial unificado- IPU y se dictan otras disposiciones,5,Finanzas Publicas,Maria Patricia Porras Mendoza,Rafael Meza Perez,Vigente,No aplica
2025,AD-182-2025,2025-07-17,"Por medio del cual se crea un cargo transitorio en la planta de personal de la Contraloría Distrital de Cartagena denominado auxiliar administrativo código 407 grado 04, en cumplimiento de una sentencia judicial y se dictan otras disposiciones",5,organismos de control,Dumek Jose Turbay Paz,Rafael Meza Perez,Vigente,No aplica
2025,AD-183-2025,2025-07-21,"Por medio del cual se efectua un traslado entre unidades ejecutoras en el presupuesto de rentas, recursos de capital, recursos de fondos especiales y establecimientos publicos, asi como los gastos de funcionamiento, servicio de la deuda e inversiones para la vigencia fiscal del primero (1) de enero al treinta y uno (31) de diciembre de dos mil veinticinco 2025, del Distrito Turístico y Cultural de Cartagena de Indias y se dictan otras disposiciones.",6,Finanzas Públicas,Dumek Jose Turbay Paz,Rafael Meza Perez,Vigente,No aplica
2025,AD-184-2025,2025-07-21,Por medio del cual se institucionalizan las fiestas del pescador en el corregimiento de La Boquilla y se dictan otras disposiciones,7,"Artes, patrimonio y cultura",Dumek Jose Turbay Paz,Rafael Meza Perez,Vigente,No aplica
2025,AD-185-2025,2025-07-21,"Por el cual se otorga al Alcalde Mayor del Distrito Turistico y Cultural de Cartagena de Indias, autorización para comprometer vigencias futuras ordinarias con recepción de bienes y servicios y se dictan otras disposiciones",5,Vigencias futuras,Dumek Jose Turbay Paz,Rafael Meza Perez,Vigente,No aplica
2025,AD-186-2025,2025-07-29,Por medio del cual se establece el incremento de la asignación básica mensual de los funcionarios de la contraloría distrital de Cartagena de indias para la vigencia 2025,3,Finanzas Publicas,Dumek Jose Turbay Paz,Rafael Meza Perez,Vigente,No aplica
2025,AD-187-2025,2025-07-29,"Por medio del cual se autoriza al alcalde mayor de Cartagena de indias, para ceder a título gratuito bienes fiscales titulables ocupados ilegalmente en aplicación del artículo 277 de la ley 1955 de 2019 y el decreto 1077 de 2015, y se dictan otras disposiciones",8,Finanzas Publicas,Dumek Jose Turbay Paz,Rafael Meza Perez,Vigente,No aplica
2025,AD-188-2025,2025-07-30,"Por medio del cual se establece una condición especial de pago consistente en reduccion en las tasas de intereses moratorios aplicables a las deudas tributarias de las obligaciones con plazos vencidos de la vigencia fiscal 2025 y anteriores, se reducen sanciones aplicables a los impuesto distritales y se dictan otras disposiciones",8,Finanzas Publicas,Dumek Jose Turbay Paz,Rafael Meza Perez,Vigente,No aplica
2025,AD-189-2025,2025-10-01,"Por medio del cual se efectúa un traslado entre unidades ejecutora y una incorporación en el presupuesto de rentas, recursos de capital, recursos de fondos especiales y establecimientos públicos, así como los gastos de funcionamiento, servicio de la deuda e inversiones para la vigencia fiscal del primero (1) de enero al treinta y uno (31) de diciembre de dos mil veinticinco 2025, del distrito turístico y cultural de Cartagena de indias y se dictan otras disposiciones.",8,Finanzas Publicas,Dumek Jose Turbay Paz,Rafael Meza Perez,Vigente,No aplica
2025,AD-190-2025,2025-10-01,Por el cual se otorga al alcalde mayor del distrito turístico y cultural de Cartagena de indias autorización para comprometer vigencias futuras ordinarias para la recepción de bienes y servicios en vigencia posterior y se dictan otras disposiciones,5,Finanzas Publicas,Dumek Jose Turbay Paz,Rafael Meza Perez,Vigente,No aplica
2025,AD-191-2025,2025-11-20,Por el cual se otorga al alcalde mayor del distrito turístico y cultural de Cartagena de Indias autorización para comprometer vigencias futuras ordinarias para la vigencia fiscal 2026 y se dictan otras disposiciones.,5,Finanzas Publicas,Dumek Jose Turbay Paz,Rafael Meza Perez,Vigente,No aplica
2025,AD-192-2025,2025-11-24,"Proyecto de acuerdo, mediante el cual se prioriza la proyeccion y organizacion de minoristas y vendedores del mercado publico bazurto como reactivador de la economia y alternativa en solución de sustento y alimentación principalmente a los pobres monetarios como a la extrema pobreza cartagenera paralela al cumplimiento del fallo de accion popular del tribunal administrativo de bolivar  de noviembre de 2010 que conmida al distrito a realizar el traslado definitivo del mercado de bazurto.",5,Finanzas Publicas,Dumek Jose Turbay Paz,Lewis Montero,Vigente,No aplica
2025,AD-193-2025,2025-11-25,"Por medio del cual se efectúa un traslado entre unidades ejecutora y una incorporación en el presupuesto de rentas, recursos de capital, recursos de fondos especiales y establecimientos públicos, así como los gastos de funcionamiento, servicio de la deuda e inversiones para la vigencia fiscal del primero (1) de enero al treinta y uno (31) de diciembre de dos mil veinticinco 2025, del distrito turístico y cultural de Cartagena de indias y se dictan otras disposiciones.",8,Finanzas Publicas,Dumek Jose Turbay Paz,Rafael Meza Perez,Vigente,No aplica
2025,AD-194-2025,2025-12-01,"Por el cual se establece el presupuesto de rentas, recursos de capital, recursos de fondos especiales y establecimientos públicos, así como los gastos de funcionamiento, servicio de La deuda e inversiones para la vigencia fiscal del primero (1) De enero al treinta y uno (31) de diciembre de dos mil veintiséis 2026, del distrito turístico y cultural de Cartagena de indias y se dictan otras disposiciones",113,Finanzas Publicas,Dumek Jose Turbay Paz,Rafael Meza Perez,Vigente,No aplica
2025,AD-195-2025,2025-12-01,"Por medio del cual se depuran normas, se decide la pérdida de vigencia y se derogan expresamente normas de rango distrital –(etара і)-, у se dictan otras disposiciones.",5,Gestion de bienes y patrimonio,Dumek Jose Turbay Paz,Rafael Meza Perez,Vigente,No aplica
2025,AD-196-2025,2025-12-01,"Por el cual se otorga al alcalde mayor del distrito turístico y cultural de Cartagena de indias autorización para comprometer vigencias futuras ordinarias con recepción de bienes, obras y servicios y se dictan otras disposiciones.",6,Vigencias futuras,Dumek Jose Turbay Paz,Rafael Meza Perez,Vigente,No aplica
2025,AD-197-2025,2025-12-30,"Por medio del cual se dictan lineamientos para la garantía del mínimo vital de internet en Cartagena de Indias, se ordenan acciones para cerrar la brecha digital y se declara la conectividad como prioridad distrital.",8,Servicios Publicos,Dumek Jose Turbay Paz,Rafael Meza Perez,Vigente,No aplica
